<annotation>
	<folder>VOC2007</folder>
	<filename>000294.jpg</filename>
	<source>
		<database>The VOC2007 Database</database>
		<annotation>PASCAL VOC2007</annotation>
		<image>flickr</image>
		<flickrid>337284136</flickrid>
	</source>
	<owner>
		<flickrid>Blake Brunner</flickrid>
		<name>Blake Brunner</name>
	</owner>
	<size>
		<width>500</width>
		<height>375</height>
		<depth>3</depth>
	</size>
	<segmented>0</segmented>
	<object>
		<name>bird</name>
		<pose>Frontal</pose>
		<truncated>1</truncated>
		<difficult>0</difficult>
		<bndbox>
			<xmin>330</xmin>
			<ymin>11</ymin>
			<xmax>454</xmax>
			<ymax>368</ymax>
		</bndbox>
	</object>
	<object>
		<name>bird</name>
		<pose>Rear</pose>
		<truncated>1</truncated>
		<difficult>0</difficult>
		<bndbox>
			<xmin>55</xmin>
			<ymin>93</ymin>
			<xmax>167</xmax>
			<ymax>371</ymax>
		</bndbox>
	</object>
</annotation>
