<annotation>
	<folder>VOC2007</folder>
	<filename>000225.jpg</filename>
	<source>
		<database>The VOC2007 Database</database>
		<annotation>PASCAL VOC2007</annotation>
		<image>flickr</image>
		<flickrid>331399490</flickrid>
	</source>
	<owner>
		<flickrid>krs10ellington</flickrid>
		<name>Kristin Ellington</name>
	</owner>
	<size>
		<width>500</width>
		<height>333</height>
		<depth>3</depth>
	</size>
	<segmented>0</segmented>
	<object>
		<name>sheep</name>
		<pose>Right</pose>
		<truncated>0</truncated>
		<difficult>0</difficult>
		<bndbox>
			<xmin>125</xmin>
			<ymin>96</ymin>
			<xmax>355</xmax>
			<ymax>263</ymax>
		</bndbox>
	</object>
	<object>
		<name>sheep</name>
		<pose>Right</pose>
		<truncated>1</truncated>
		<difficult>0</difficult>
		<bndbox>
			<xmin>2</xmin>
			<ymin>22</ymin>
			<xmax>47</xmax>
			<ymax>81</ymax>
		</bndbox>
	</object>
</annotation>
