<annotation>
	<folder>VOC2007</folder>
	<filename>000211.jpg</filename>
	<source>
		<database>The VOC2007 Database</database>
		<annotation>PASCAL VOC2007</annotation>
		<image>flickr</image>
		<flickrid>339343610</flickrid>
	</source>
	<owner>
		<flickrid>ikon97</flickrid>
		<name>?</name>
	</owner>
	<size>
		<width>500</width>
		<height>375</height>
		<depth>3</depth>
	</size>
	<segmented>0</segmented>
	<object>
		<name>cow</name>
		<pose>Left</pose>
		<truncated>0</truncated>
		<difficult>0</difficult>
		<bndbox>
			<xmin>48</xmin>
			<ymin>262</ymin>
			<xmax>244</xmax>
			<ymax>349</ymax>
		</bndbox>
	</object>
</annotation>
