<annotation>
	<folder>VOC2007</folder>
	<filename>000370.jpg</filename>
	<source>
		<database>The VOC2007 Database</database>
		<annotation>PASCAL VOC2007</annotation>
		<image>flickr</image>
		<flickrid>337332789</flickrid>
	</source>
	<owner>
		<flickrid>Christopher Biggs</flickrid>
		<name>Christopher Biggs</name>
	</owner>
	<size>
		<width>500</width>
		<height>374</height>
		<depth>3</depth>
	</size>
	<segmented>0</segmented>
	<object>
		<name>boat</name>
		<pose>Rear</pose>
		<truncated>0</truncated>
		<difficult>0</difficult>
		<bndbox>
			<xmin>94</xmin>
			<ymin>104</ymin>
			<xmax>253</xmax>
			<ymax>256</ymax>
		</bndbox>
	</object>
	<object>
		<name>boat</name>
		<pose>Rear</pose>
		<truncated>1</truncated>
		<difficult>0</difficult>
		<bndbox>
			<xmin>244</xmin>
			<ymin>122</ymin>
			<xmax>420</xmax>
			<ymax>257</ymax>
		</bndbox>
	</object>
</annotation>
