<annotation>
	<folder>VOC2007</folder>
	<filename>000331.jpg</filename>
	<source>
		<database>The VOC2007 Database</database>
		<annotation>PASCAL VOC2007</annotation>
		<image>flickr</image>
		<flickrid>329416935</flickrid>
	</source>
	<owner>
		<flickrid>luckykat</flickrid>
		<name>?</name>
	</owner>
	<size>
		<width>375</width>
		<height>500</height>
		<depth>3</depth>
	</size>
	<segmented>0</segmented>
	<object>
		<name>chair</name>
		<pose>Frontal</pose>
		<truncated>0</truncated>
		<difficult>0</difficult>
		<bndbox>
			<xmin>171</xmin>
			<ymin>234</ymin>
			<xmax>373</xmax>
			<ymax>482</ymax>
		</bndbox>
	</object>
	<object>
		<name>chair</name>
		<pose>Unspecified</pose>
		<truncated>0</truncated>
		<difficult>0</difficult>
		<bndbox>
			<xmin>61</xmin>
			<ymin>222</ymin>
			<xmax>138</xmax>
			<ymax>426</ymax>
		</bndbox>
	</object>
	<object>
		<name>chair</name>
		<pose>Unspecified</pose>
		<truncated>1</truncated>
		<difficult>1</difficult>
		<bndbox>
			<xmin>1</xmin>
			<ymin>366</ymin>
			<xmax>50</xmax>
			<ymax>500</ymax>
		</bndbox>
	</object>
	<object>
		<name>person</name>
		<pose>Frontal</pose>
		<truncated>0</truncated>
		<difficult>0</difficult>
		<bndbox>
			<xmin>149</xmin>
			<ymin>254</ymin>
			<xmax>358</xmax>
			<ymax>467</ymax>
		</bndbox>
		<part>
			<name>head</name>
			<bndbox>
				<xmin>272</xmin>
				<ymin>260</ymin>
				<xmax>309</xmax>
				<ymax>312</ymax>
			</bndbox>
		</part>
		<part>
			<name>hand</name>
			<bndbox>
				<xmin>151</xmin>
				<ymin>335</ymin>
				<xmax>182</xmax>
				<ymax>382</ymax>
			</bndbox>
		</part>
		<part>
			<name>hand</name>
			<bndbox>
				<xmin>328</xmin>
				<ymin>365</ymin>
				<xmax>355</xmax>
				<ymax>419</ymax>
			</bndbox>
		</part>
	</object>
</annotation>
