<annotation>
	<folder>VOC2007</folder>
	<filename>000476.jpg</filename>
	<source>
		<database>The VOC2007 Database</database>
		<annotation>PASCAL VOC2007</annotation>
		<image>flickr</image>
		<flickrid>338414530</flickrid>
	</source>
	<owner>
		<flickrid>wehnerwoman</flickrid>
		<name>Constance Wehner</name>
	</owner>
	<size>
		<width>500</width>
		<height>375</height>
		<depth>3</depth>
	</size>
	<segmented>0</segmented>
	<object>
		<name>person</name>
		<pose>Unspecified</pose>
		<truncated>1</truncated>
		<difficult>0</difficult>
		<bndbox>
			<xmin>126</xmin>
			<ymin>110</ymin>
			<xmax>358</xmax>
			<ymax>373</ymax>
		</bndbox>
	</object>
	<object>
		<name>dog</name>
		<pose>Unspecified</pose>
		<truncated>1</truncated>
		<difficult>1</difficult>
		<bndbox>
			<xmin>208</xmin>
			<ymin>297</ymin>
			<xmax>406</xmax>
			<ymax>375</ymax>
		</bndbox>
	</object>
	<object>
		<name>sofa</name>
		<pose>Unspecified</pose>
		<truncated>1</truncated>
		<difficult>1</difficult>
		<bndbox>
			<xmin>4</xmin>
			<ymin>155</ymin>
			<xmax>378</xmax>
			<ymax>344</ymax>
		</bndbox>
	</object>
</annotation>
