<annotation>
	<folder>VOC2007</folder>
	<filename>000563.jpg</filename>
	<source>
		<database>The VOC2007 Database</database>
		<annotation>PASCAL VOC2007</annotation>
		<image>flickr</image>
		<flickrid>339587661</flickrid>
	</source>
	<owner>
		<flickrid>sigfus.sigmundsson</flickrid>
		<name>Sigfus Sigmundsson</name>
	</owner>
	<size>
		<width>500</width>
		<height>375</height>
		<depth>3</depth>
	</size>
	<segmented>0</segmented>
	<object>
		<name>boat</name>
		<pose>Right</pose>
		<truncated>0</truncated>
		<difficult>0</difficult>
		<bndbox>
			<xmin>164</xmin>
			<ymin>165</ymin>
			<xmax>450</xmax>
			<ymax>210</ymax>
		</bndbox>
	</object>
</annotation>
