<annotation>
	<folder>VOC2007</folder>
	<filename>000772.jpg</filename>
	<source>
		<database>The VOC2007 Database</database>
		<annotation>PASCAL VOC2007</annotation>
		<image>flickr</image>
		<flickrid>334872451</flickrid>
	</source>
	<owner>
		<flickrid>d_kohs</flickrid>
		<name>?</name>
	</owner>
	<size>
		<width>360</width>
		<height>480</height>
		<depth>3</depth>
	</size>
	<segmented>0</segmented>
	<object>
		<name>dog</name>
		<pose>Unspecified</pose>
		<truncated>0</truncated>
		<difficult>0</difficult>
		<bndbox>
			<xmin>49</xmin>
			<ymin>115</ymin>
			<xmax>360</xmax>
			<ymax>480</ymax>
		</bndbox>
	</object>
</annotation>
