<annotation>
	<folder>VOC2007</folder>
	<filename>000947.jpg</filename>
	<source>
		<database>The VOC2007 Database</database>
		<annotation>PASCAL VOC2007</annotation>
		<image>flickr</image>
		<flickrid>252808017</flickrid>
	</source>
	<owner>
		<flickrid>tortadetortuga</flickrid>
		<name>WENDY BLACK</name>
	</owner>
	<size>
		<width>238</width>
		<height>500</height>
		<depth>3</depth>
	</size>
	<segmented>0</segmented>
	<object>
		<name>dog</name>
		<pose>Frontal</pose>
		<truncated>0</truncated>
		<difficult>0</difficult>
		<bndbox>
			<xmin>36</xmin>
			<ymin>43</ymin>
			<xmax>217</xmax>
			<ymax>474</ymax>
		</bndbox>
	</object>
</annotation>
