<annotation>
	<folder>VOC2007</folder>
	<filename>001182.jpg</filename>
	<source>
		<database>The VOC2007 Database</database>
		<annotation>PASCAL VOC2007</annotation>
		<image>flickr</image>
		<flickrid>324391629</flickrid>
	</source>
	<owner>
		<flickrid>peintur'atu</flickrid>
		<name>Arthur Robbins</name>
	</owner>
	<size>
		<width>500</width>
		<height>375</height>
		<depth>3</depth>
	</size>
	<segmented>0</segmented>
	<object>
		<name>cow</name>
		<pose>Left</pose>
		<truncated>0</truncated>
		<difficult>0</difficult>
		<bndbox>
			<xmin>125</xmin>
			<ymin>149</ymin>
			<xmax>403</xmax>
			<ymax>294</ymax>
		</bndbox>
	</object>
	<object>
		<name>cow</name>
		<pose>Left</pose>
		<truncated>1</truncated>
		<difficult>0</difficult>
		<bndbox>
			<xmin>100</xmin>
			<ymin>124</ymin>
			<xmax>218</xmax>
			<ymax>183</ymax>
		</bndbox>
	</object>
</annotation>
