<annotation>
	<folder>VOC2007</folder>
	<filename>001442.jpg</filename>
	<source>
		<database>The VOC2007 Database</database>
		<annotation>PASCAL VOC2007</annotation>
		<image>flickr</image>
		<flickrid>325129680</flickrid>
	</source>
	<owner>
		<flickrid>hacksuck1</flickrid>
		<name>David</name>
	</owner>
	<size>
		<width>500</width>
		<height>333</height>
		<depth>3</depth>
	</size>
	<segmented>0</segmented>
	<object>
		<name>cow</name>
		<pose>Unspecified</pose>
		<truncated>1</truncated>
		<difficult>0</difficult>
		<bndbox>
			<xmin>73</xmin>
			<ymin>68</ymin>
			<xmax>429</xmax>
			<ymax>333</ymax>
		</bndbox>
	</object>
</annotation>
