<annotation>
	<folder>VOC2007</folder>
	<filename>001615.jpg</filename>
	<source>
		<database>The VOC2007 Database</database>
		<annotation>PASCAL VOC2007</annotation>
		<image>flickr</image>
		<flickrid>314633275</flickrid>
	</source>
	<owner>
		<flickrid>Jason Abbott</flickrid>
		<name>Jason Abbott</name>
	</owner>
	<size>
		<width>500</width>
		<height>334</height>
		<depth>3</depth>
	</size>
	<segmented>0</segmented>
	<object>
		<name>person</name>
		<pose>Unspecified</pose>
		<truncated>1</truncated>
		<difficult>0</difficult>
		<bndbox>
			<xmin>294</xmin>
			<ymin>139</ymin>
			<xmax>337</xmax>
			<ymax>261</ymax>
		</bndbox>
	</object>
</annotation>
