<annotation>
	<folder>VOC2007</folder>
	<filename>001607.jpg</filename>
	<source>
		<database>The VOC2007 Database</database>
		<annotation>PASCAL VOC2007</annotation>
		<image>flickr</image>
		<flickrid>319593539</flickrid>
	</source>
	<owner>
		<flickrid>pejrm1</flickrid>
		<name>Paul J</name>
	</owner>
	<size>
		<width>500</width>
		<height>375</height>
		<depth>3</depth>
	</size>
	<segmented>0</segmented>
	<object>
		<name>dog</name>
		<pose>Unspecified</pose>
		<truncated>0</truncated>
		<difficult>0</difficult>
		<bndbox>
			<xmin>21</xmin>
			<ymin>1</ymin>
			<xmax>500</xmax>
			<ymax>374</ymax>
		</bndbox>
	</object>
</annotation>
