<annotation>
	<folder>VOC2007</folder>
	<filename>001813.jpg</filename>
	<source>
		<database>The VOC2007 Database</database>
		<annotation>PASCAL VOC2007</annotation>
		<image>flickr</image>
		<flickrid>324842226</flickrid>
	</source>
	<owner>
		<flickrid>blacklilly101</flickrid>
		<name>?</name>
	</owner>
	<size>
		<width>500</width>
		<height>375</height>
		<depth>3</depth>
	</size>
	<segmented>0</segmented>
	<object>
		<name>tvmonitor</name>
		<pose>Left</pose>
		<truncated>1</truncated>
		<difficult>0</difficult>
		<bndbox>
			<xmin>458</xmin>
			<ymin>181</ymin>
			<xmax>500</xmax>
			<ymax>287</ymax>
		</bndbox>
	</object>
</annotation>
