<annotation>
	<folder>VOC2007</folder>
	<filename>001823.jpg</filename>
	<source>
		<database>The VOC2007 Database</database>
		<annotation>PASCAL VOC2007</annotation>
		<image>flickr</image>
		<flickrid>228139973</flickrid>
	</source>
	<owner>
		<flickrid>genewolf</flickrid>
		<name>whiskey kitten</name>
	</owner>
	<size>
		<width>297</width>
		<height>480</height>
		<depth>3</depth>
	</size>
	<segmented>0</segmented>
	<object>
		<name>person</name>
		<pose>Frontal</pose>
		<truncated>1</truncated>
		<difficult>0</difficult>
		<bndbox>
			<xmin>92</xmin>
			<ymin>74</ymin>
			<xmax>226</xmax>
			<ymax>269</ymax>
		</bndbox>
	</object>
	<object>
		<name>horse</name>
		<pose>Frontal</pose>
		<truncated>0</truncated>
		<difficult>0</difficult>
		<bndbox>
			<xmin>119</xmin>
			<ymin>127</ymin>
			<xmax>206</xmax>
			<ymax>355</ymax>
		</bndbox>
	</object>
</annotation>
