<annotation>
	<folder>VOC2007</folder>
	<filename>001822.jpg</filename>
	<source>
		<database>The VOC2007 Database</database>
		<annotation>PASCAL VOC2007</annotation>
		<image>flickr</image>
		<flickrid>338634149</flickrid>
	</source>
	<owner>
		<flickrid>nikhil preeti</flickrid>
		<name>?</name>
	</owner>
	<size>
		<width>500</width>
		<height>375</height>
		<depth>3</depth>
	</size>
	<segmented>0</segmented>
	<object>
		<name>boat</name>
		<pose>Unspecified</pose>
		<truncated>0</truncated>
		<difficult>0</difficult>
		<bndbox>
			<xmin>135</xmin>
			<ymin>192</ymin>
			<xmax>437</xmax>
			<ymax>262</ymax>
		</bndbox>
	</object>
</annotation>
