<annotation>
	<folder>VOC2007</folder>
	<filename>001819.jpg</filename>
	<source>
		<database>The VOC2007 Database</database>
		<annotation>PASCAL VOC2007</annotation>
		<image>flickr</image>
		<flickrid>228134614</flickrid>
	</source>
	<owner>
		<flickrid>genewolf</flickrid>
		<name>whiskey kitten</name>
	</owner>
	<size>
		<width>370</width>
		<height>480</height>
		<depth>3</depth>
	</size>
	<segmented>0</segmented>
	<object>
		<name>horse</name>
		<pose>Unspecified</pose>
		<truncated>0</truncated>
		<difficult>0</difficult>
		<bndbox>
			<xmin>102</xmin>
			<ymin>89</ymin>
			<xmax>269</xmax>
			<ymax>443</ymax>
		</bndbox>
	</object>
	<object>
		<name>person</name>
		<pose>Unspecified</pose>
		<truncated>1</truncated>
		<difficult>0</difficult>
		<bndbox>
			<xmin>127</xmin>
			<ymin>58</ymin>
			<xmax>260</xmax>
			<ymax>293</ymax>
		</bndbox>
	</object>
</annotation>
