<annotation>
	<folder>VOC2007</folder>
	<filename>002004.jpg</filename>
	<source>
		<database>The VOC2007 Database</database>
		<annotation>PASCAL VOC2007</annotation>
		<image>flickr</image>
		<flickrid>20478879</flickrid>
	</source>
	<owner>
		<flickrid>General Wesc</flickrid>
		<name>Luca Masters</name>
	</owner>
	<size>
		<width>375</width>
		<height>500</height>
		<depth>3</depth>
	</size>
	<segmented>0</segmented>
	<object>
		<name>tvmonitor</name>
		<pose>Unspecified</pose>
		<truncated>0</truncated>
		<difficult>0</difficult>
		<bndbox>
			<xmin>37</xmin>
			<ymin>111</ymin>
			<xmax>190</xmax>
			<ymax>275</ymax>
		</bndbox>
	</object>
	<object>
		<name>tvmonitor</name>
		<pose>Right</pose>
		<truncated>0</truncated>
		<difficult>0</difficult>
		<bndbox>
			<xmin>204</xmin>
			<ymin>157</ymin>
			<xmax>322</xmax>
			<ymax>301</ymax>
		</bndbox>
	</object>
	<object>
		<name>tvmonitor</name>
		<pose>Right</pose>
		<truncated>0</truncated>
		<difficult>0</difficult>
		<bndbox>
			<xmin>5</xmin>
			<ymin>279</ymin>
			<xmax>103</xmax>
			<ymax>419</ymax>
		</bndbox>
	</object>
</annotation>
