<annotation>
	<folder>VOC2007</folder>
	<filename>002012.jpg</filename>
	<source>
		<database>The VOC2007 Database</database>
		<annotation>PASCAL VOC2007</annotation>
		<image>flickr</image>
		<flickrid>338632744</flickrid>
	</source>
	<owner>
		<flickrid>mactaylors2</flickrid>
		<name>Hoscar Goldman</name>
	</owner>
	<size>
		<width>375</width>
		<height>500</height>
		<depth>3</depth>
	</size>
	<segmented>0</segmented>
	<object>
		<name>person</name>
		<pose>Frontal</pose>
		<truncated>0</truncated>
		<difficult>0</difficult>
		<bndbox>
			<xmin>135</xmin>
			<ymin>128</ymin>
			<xmax>167</xmax>
			<ymax>255</ymax>
		</bndbox>
	</object>
	<object>
		<name>person</name>
		<pose>Left</pose>
		<truncated>0</truncated>
		<difficult>0</difficult>
		<bndbox>
			<xmin>156</xmin>
			<ymin>118</ymin>
			<xmax>195</xmax>
			<ymax>245</ymax>
		</bndbox>
	</object>
</annotation>
