<annotation>
	<folder>VOC2007</folder>
	<filename>002000.jpg</filename>
	<source>
		<database>The VOC2007 Database</database>
		<annotation>PASCAL VOC2007</annotation>
		<image>flickr</image>
		<flickrid>328525841</flickrid>
	</source>
	<owner>
		<flickrid>shaolinfuzzy</flickrid>
		<name>Mark Mannino</name>
	</owner>
	<size>
		<width>500</width>
		<height>375</height>
		<depth>3</depth>
	</size>
	<segmented>0</segmented>
	<object>
		<name>boat</name>
		<pose>Left</pose>
		<truncated>0</truncated>
		<difficult>0</difficult>
		<bndbox>
			<xmin>371</xmin>
			<ymin>215</ymin>
			<xmax>411</xmax>
			<ymax>267</ymax>
		</bndbox>
	</object>
	<object>
		<name>person</name>
		<pose>Left</pose>
		<truncated>1</truncated>
		<difficult>0</difficult>
		<bndbox>
			<xmin>33</xmin>
			<ymin>195</ymin>
			<xmax>131</xmax>
			<ymax>375</ymax>
		</bndbox>
	</object>
</annotation>
