<annotation>
	<folder>VOC2007</folder>
	<filename>002008.jpg</filename>
	<source>
		<database>The VOC2007 Database</database>
		<annotation>PASCAL VOC2007</annotation>
		<image>flickr</image>
		<flickrid>327343685</flickrid>
	</source>
	<owner>
		<flickrid>pdihr</flickrid>
		<name>Patrick Dihr</name>
	</owner>
	<size>
		<width>500</width>
		<height>375</height>
		<depth>3</depth>
	</size>
	<segmented>0</segmented>
	<object>
		<name>bicycle</name>
		<pose>Unspecified</pose>
		<truncated>0</truncated>
		<difficult>0</difficult>
		<bndbox>
			<xmin>74</xmin>
			<ymin>203</ymin>
			<xmax>144</xmax>
			<ymax>314</ymax>
		</bndbox>
	</object>
	<object>
		<name>person</name>
		<pose>Unspecified</pose>
		<truncated>0</truncated>
		<difficult>0</difficult>
		<bndbox>
			<xmin>74</xmin>
			<ymin>142</ymin>
			<xmax>140</xmax>
			<ymax>272</ymax>
		</bndbox>
	</object>
</annotation>
