<annotation>
	<folder>VOC2007</folder>
	<filename>002010.jpg</filename>
	<source>
		<database>The VOC2007 Database</database>
		<annotation>PASCAL VOC2007</annotation>
		<image>flickr</image>
		<flickrid>336137746</flickrid>
	</source>
	<owner>
		<flickrid>Ultrastar175g</flickrid>
		<name>Ultrastar175g</name>
	</owner>
	<size>
		<width>500</width>
		<height>333</height>
		<depth>3</depth>
	</size>
	<segmented>0</segmented>
	<object>
		<name>dog</name>
		<pose>Unspecified</pose>
		<truncated>1</truncated>
		<difficult>1</difficult>
		<bndbox>
			<xmin>147</xmin>
			<ymin>113</ymin>
			<xmax>394</xmax>
			<ymax>333</ymax>
		</bndbox>
	</object>
	<object>
		<name>person</name>
		<pose>Unspecified</pose>
		<truncated>1</truncated>
		<difficult>0</difficult>
		<bndbox>
			<xmin>1</xmin>
			<ymin>14</ymin>
			<xmax>472</xmax>
			<ymax>333</ymax>
		</bndbox>
	</object>
</annotation>
