<annotation>
	<folder>VOC2007</folder>
	<filename>002219.jpg</filename>
	<source>
		<database>The VOC2007 Database</database>
		<annotation>PASCAL VOC2007</annotation>
		<image>flickr</image>
		<flickrid>320522051</flickrid>
	</source>
	<owner>
		<flickrid>Jeffrey</flickrid>
		<name>Jeffrey Zeldman</name>
	</owner>
	<size>
		<width>500</width>
		<height>375</height>
		<depth>3</depth>
	</size>
	<segmented>0</segmented>
	<object>
		<name>person</name>
		<pose>Unspecified</pose>
		<truncated>1</truncated>
		<difficult>0</difficult>
		<bndbox>
			<xmin>220</xmin>
			<ymin>65</ymin>
			<xmax>314</xmax>
			<ymax>177</ymax>
		</bndbox>
	</object>
</annotation>
