<annotation>
	<folder>VOC2007</folder>
	<filename>002213.jpg</filename>
	<source>
		<database>The VOC2007 Database</database>
		<annotation>PASCAL VOC2007</annotation>
		<image>flickr</image>
		<flickrid>327134669</flickrid>
	</source>
	<owner>
		<flickrid>BobandEna</flickrid>
		<name>Robert Beards</name>
	</owner>
	<size>
		<width>464</width>
		<height>380</height>
		<depth>3</depth>
	</size>
	<segmented>0</segmented>
	<object>
		<name>horse</name>
		<pose>Right</pose>
		<truncated>0</truncated>
		<difficult>0</difficult>
		<bndbox>
			<xmin>51</xmin>
			<ymin>54</ymin>
			<xmax>369</xmax>
			<ymax>371</ymax>
		</bndbox>
	</object>
	<object>
		<name>person</name>
		<pose>Right</pose>
		<truncated>0</truncated>
		<difficult>0</difficult>
		<bndbox>
			<xmin>161</xmin>
			<ymin>11</ymin>
			<xmax>264</xmax>
			<ymax>250</ymax>
		</bndbox>
	</object>
</annotation>
