<annotation>
	<folder>VOC2007</folder>
	<filename>002375.jpg</filename>
	<source>
		<database>The VOC2007 Database</database>
		<annotation>PASCAL VOC2007</annotation>
		<image>flickr</image>
		<flickrid>339636404</flickrid>
	</source>
	<owner>
		<flickrid>princessangel</flickrid>
		<name>Karen</name>
	</owner>
	<size>
		<width>500</width>
		<height>427</height>
		<depth>3</depth>
	</size>
	<segmented>0</segmented>
	<object>
		<name>cat</name>
		<pose>Left</pose>
		<truncated>0</truncated>
		<difficult>0</difficult>
		<bndbox>
			<xmin>11</xmin>
			<ymin>15</ymin>
			<xmax>496</xmax>
			<ymax>316</ymax>
		</bndbox>
	</object>
</annotation>
