<annotation>
	<folder>VOC2007</folder>
	<filename>002374.jpg</filename>
	<source>
		<database>The VOC2007 Database</database>
		<annotation>PASCAL VOC2007</annotation>
		<image>flickr</image>
		<flickrid>331604608</flickrid>
	</source>
	<owner>
		<flickrid>sekihan</flickrid>
		<name>tetsuo shimizu</name>
	</owner>
	<size>
		<width>500</width>
		<height>332</height>
		<depth>3</depth>
	</size>
	<segmented>0</segmented>
	<object>
		<name>bus</name>
		<pose>Right</pose>
		<truncated>0</truncated>
		<difficult>0</difficult>
		<bndbox>
			<xmin>126</xmin>
			<ymin>143</ymin>
			<xmax>312</xmax>
			<ymax>241</ymax>
		</bndbox>
	</object>
	<object>
		<name>car</name>
		<pose>Unspecified</pose>
		<truncated>1</truncated>
		<difficult>1</difficult>
		<bndbox>
			<xmin>65</xmin>
			<ymin>200</ymin>
			<xmax>123</xmax>
			<ymax>235</ymax>
		</bndbox>
	</object>
</annotation>
