<annotation>
	<folder>VOC2007</folder>
	<filename>002384.jpg</filename>
	<source>
		<database>The VOC2007 Database</database>
		<annotation>PASCAL VOC2007</annotation>
		<image>flickr</image>
		<flickrid>270703750</flickrid>
	</source>
	<owner>
		<flickrid>petpainter77</flickrid>
		<name>Jennifer (Jen) Zalewski</name>
	</owner>
	<size>
		<width>500</width>
		<height>375</height>
		<depth>3</depth>
	</size>
	<segmented>0</segmented>
	<object>
		<name>person</name>
		<pose>Right</pose>
		<truncated>0</truncated>
		<difficult>0</difficult>
		<bndbox>
			<xmin>43</xmin>
			<ymin>64</ymin>
			<xmax>298</xmax>
			<ymax>368</ymax>
		</bndbox>
	</object>
	<object>
		<name>dog</name>
		<pose>Unspecified</pose>
		<truncated>0</truncated>
		<difficult>0</difficult>
		<bndbox>
			<xmin>210</xmin>
			<ymin>110</ymin>
			<xmax>442</xmax>
			<ymax>369</ymax>
		</bndbox>
	</object>
</annotation>
