<annotation>
	<folder>VOC2007</folder>
	<filename>002598.jpg</filename>
	<source>
		<database>The VOC2007 Database</database>
		<annotation>PASCAL VOC2007</annotation>
		<image>flickr</image>
		<flickrid>334244941</flickrid>
	</source>
	<owner>
		<flickrid>capsizing</flickrid>
		<name>?</name>
	</owner>
	<size>
		<width>333</width>
		<height>500</height>
		<depth>3</depth>
	</size>
	<segmented>0</segmented>
	<object>
		<name>pottedplant</name>
		<pose>Unspecified</pose>
		<truncated>0</truncated>
		<difficult>0</difficult>
		<bndbox>
			<xmin>89</xmin>
			<ymin>49</ymin>
			<xmax>244</xmax>
			<ymax>394</ymax>
		</bndbox>
	</object>
</annotation>
