<annotation>
	<folder>VOC2007</folder>
	<filename>002611.jpg</filename>
	<source>
		<database>The VOC2007 Database</database>
		<annotation>PASCAL VOC2007</annotation>
		<image>flickr</image>
		<flickrid>332754376</flickrid>
	</source>
	<owner>
		<flickrid>fladrifscorzapelle</flickrid>
		<name>alessandra</name>
	</owner>
	<size>
		<width>500</width>
		<height>375</height>
		<depth>3</depth>
	</size>
	<segmented>1</segmented>
	<object>
		<name>person</name>
		<pose>Unspecified</pose>
		<truncated>1</truncated>
		<difficult>0</difficult>
		<bndbox>
			<xmin>1</xmin>
			<ymin>1</ymin>
			<xmax>397</xmax>
			<ymax>351</ymax>
		</bndbox>
	</object>
	<object>
		<name>dog</name>
		<pose>Unspecified</pose>
		<truncated>1</truncated>
		<difficult>0</difficult>
		<bndbox>
			<xmin>152</xmin>
			<ymin>131</ymin>
			<xmax>337</xmax>
			<ymax>298</ymax>
		</bndbox>
	</object>
</annotation>
