<annotation>
	<folder>VOC2007</folder>
	<filename>002898.jpg</filename>
	<source>
		<database>The VOC2007 Database</database>
		<annotation>PASCAL VOC2007</annotation>
		<image>flickr</image>
		<flickrid>322675666</flickrid>
	</source>
	<owner>
		<flickrid>Morven</flickrid>
		<name>Matthew Brown</name>
	</owner>
	<size>
		<width>500</width>
		<height>375</height>
		<depth>3</depth>
	</size>
	<segmented>0</segmented>
	<object>
		<name>train</name>
		<pose>Left</pose>
		<truncated>1</truncated>
		<difficult>0</difficult>
		<bndbox>
			<xmin>8</xmin>
			<ymin>71</ymin>
			<xmax>500</xmax>
			<ymax>337</ymax>
		</bndbox>
	</object>
</annotation>
