<annotation>
	<folder>VOC2007</folder>
	<filename>002896.jpg</filename>
	<source>
		<database>The VOC2007 Database</database>
		<annotation>PASCAL VOC2007</annotation>
		<image>flickr</image>
		<flickrid>276687454</flickrid>
	</source>
	<owner>
		<flickrid>kiwi kathryn</flickrid>
		<name>?</name>
	</owner>
	<size>
		<width>375</width>
		<height>500</height>
		<depth>3</depth>
	</size>
	<segmented>1</segmented>
	<object>
		<name>bird</name>
		<pose>Frontal</pose>
		<truncated>0</truncated>
		<difficult>0</difficult>
		<bndbox>
			<xmin>124</xmin>
			<ymin>71</ymin>
			<xmax>253</xmax>
			<ymax>500</ymax>
		</bndbox>
	</object>
</annotation>
