<annotation>
	<folder>VOC2007</folder>
	<filename>002921.jpg</filename>
	<source>
		<database>The VOC2007 Database</database>
		<annotation>PASCAL VOC2007</annotation>
		<image>flickr</image>
		<flickrid>228161965</flickrid>
	</source>
	<owner>
		<flickrid>genewolf</flickrid>
		<name>whiskey kitten</name>
	</owner>
	<size>
		<width>318</width>
		<height>480</height>
		<depth>3</depth>
	</size>
	<segmented>0</segmented>
	<object>
		<name>horse</name>
		<pose>Frontal</pose>
		<truncated>0</truncated>
		<difficult>0</difficult>
		<bndbox>
			<xmin>94</xmin>
			<ymin>162</ymin>
			<xmax>233</xmax>
			<ymax>447</ymax>
		</bndbox>
	</object>
	<object>
		<name>person</name>
		<pose>Frontal</pose>
		<truncated>0</truncated>
		<difficult>0</difficult>
		<bndbox>
			<xmin>90</xmin>
			<ymin>97</ymin>
			<xmax>229</xmax>
			<ymax>299</ymax>
		</bndbox>
	</object>
</annotation>
