<annotation>
	<folder>VOC2007</folder>
	<filename>002912.jpg</filename>
	<source>
		<database>The VOC2007 Database</database>
		<annotation>PASCAL VOC2007</annotation>
		<image>flickr</image>
		<flickrid>327353827</flickrid>
	</source>
	<owner>
		<flickrid>pdihr</flickrid>
		<name>Patrick Dihr</name>
	</owner>
	<size>
		<width>375</width>
		<height>500</height>
		<depth>3</depth>
	</size>
	<segmented>0</segmented>
	<object>
		<name>bicycle</name>
		<pose>Frontal</pose>
		<truncated>0</truncated>
		<difficult>0</difficult>
		<bndbox>
			<xmin>151</xmin>
			<ymin>239</ymin>
			<xmax>212</xmax>
			<ymax>337</ymax>
		</bndbox>
	</object>
	<object>
		<name>person</name>
		<pose>Frontal</pose>
		<truncated>0</truncated>
		<difficult>0</difficult>
		<bndbox>
			<xmin>152</xmin>
			<ymin>183</ymin>
			<xmax>213</xmax>
			<ymax>297</ymax>
		</bndbox>
	</object>
</annotation>
