<annotation>
	<folder>VOC2007</folder>
	<filename>002923.jpg</filename>
	<source>
		<database>The VOC2007 Database</database>
		<annotation>PASCAL VOC2007</annotation>
		<image>flickr</image>
		<flickrid>309563112</flickrid>
	</source>
	<owner>
		<flickrid>SheepGuardingLlama</flickrid>
		<name>Scott Miller</name>
	</owner>
	<size>
		<width>500</width>
		<height>333</height>
		<depth>3</depth>
	</size>
	<segmented>0</segmented>
	<object>
		<name>dog</name>
		<pose>Unspecified</pose>
		<truncated>1</truncated>
		<difficult>0</difficult>
		<bndbox>
			<xmin>3</xmin>
			<ymin>30</ymin>
			<xmax>461</xmax>
			<ymax>333</ymax>
		</bndbox>
	</object>
</annotation>
