<annotation>
	<folder>VOC2007</folder>
	<filename>002926.jpg</filename>
	<source>
		<database>The VOC2007 Database</database>
		<annotation>PASCAL VOC2007</annotation>
		<image>flickr</image>
		<flickrid>305996596</flickrid>
	</source>
	<owner>
		<flickrid>RanaW</flickrid>
		<name>Rana Williamson</name>
	</owner>
	<size>
		<width>500</width>
		<height>333</height>
		<depth>3</depth>
	</size>
	<segmented>0</segmented>
	<object>
		<name>cat</name>
		<pose>Unspecified</pose>
		<truncated>0</truncated>
		<difficult>0</difficult>
		<bndbox>
			<xmin>108</xmin>
			<ymin>117</ymin>
			<xmax>286</xmax>
			<ymax>234</ymax>
		</bndbox>
	</object>
	<object>
		<name>cat</name>
		<pose>Left</pose>
		<truncated>0</truncated>
		<difficult>0</difficult>
		<bndbox>
			<xmin>230</xmin>
			<ymin>50</ymin>
			<xmax>347</xmax>
			<ymax>137</ymax>
		</bndbox>
	</object>
</annotation>
