<annotation>
	<folder>VOC2007</folder>
	<filename>003086.jpg</filename>
	<source>
		<database>The VOC2007 Database</database>
		<annotation>PASCAL VOC2007</annotation>
		<image>flickr</image>
		<flickrid>334967669</flickrid>
	</source>
	<owner>
		<flickrid>db2006</flickrid>
		<name>d b</name>
	</owner>
	<size>
		<width>500</width>
		<height>375</height>
		<depth>3</depth>
	</size>
	<segmented>0</segmented>
	<object>
		<name>person</name>
		<pose>Unspecified</pose>
		<truncated>0</truncated>
		<difficult>0</difficult>
		<bndbox>
			<xmin>321</xmin>
			<ymin>157</ymin>
			<xmax>403</xmax>
			<ymax>358</ymax>
		</bndbox>
	</object>
</annotation>
