<annotation>
	<folder>VOC2007</folder>
	<filename>003098.jpg</filename>
	<source>
		<database>The VOC2007 Database</database>
		<annotation>PASCAL VOC2007</annotation>
		<image>flickr</image>
		<flickrid>339481588</flickrid>
	</source>
	<owner>
		<flickrid>Vlad Butsky</flickrid>
		<name>Vlad Butsky</name>
	</owner>
	<size>
		<width>500</width>
		<height>352</height>
		<depth>3</depth>
	</size>
	<segmented>0</segmented>
	<object>
		<name>boat</name>
		<pose>Unspecified</pose>
		<truncated>0</truncated>
		<difficult>0</difficult>
		<bndbox>
			<xmin>4</xmin>
			<ymin>86</ymin>
			<xmax>429</xmax>
			<ymax>352</ymax>
		</bndbox>
	</object>
	<object>
		<name>boat</name>
		<pose>Unspecified</pose>
		<truncated>1</truncated>
		<difficult>1</difficult>
		<bndbox>
			<xmin>270</xmin>
			<ymin>296</ymin>
			<xmax>351</xmax>
			<ymax>341</ymax>
		</bndbox>
	</object>
	<object>
		<name>boat</name>
		<pose>Unspecified</pose>
		<truncated>1</truncated>
		<difficult>1</difficult>
		<bndbox>
			<xmin>330</xmin>
			<ymin>230</ymin>
			<xmax>500</xmax>
			<ymax>352</ymax>
		</bndbox>
	</object>
</annotation>
