<annotation>
	<folder>VOC2007</folder>
	<filename>003102.jpg</filename>
	<source>
		<database>The VOC2007 Database</database>
		<annotation>PASCAL VOC2007</annotation>
		<image>flickr</image>
		<flickrid>257766220</flickrid>
	</source>
	<owner>
		<flickrid>Mike Hone</flickrid>
		<name>Mike Hone</name>
	</owner>
	<size>
		<width>333</width>
		<height>500</height>
		<depth>3</depth>
	</size>
	<segmented>0</segmented>
	<object>
		<name>person</name>
		<pose>Frontal</pose>
		<truncated>0</truncated>
		<difficult>0</difficult>
		<bndbox>
			<xmin>60</xmin>
			<ymin>32</ymin>
			<xmax>262</xmax>
			<ymax>362</ymax>
		</bndbox>
	</object>
	<object>
		<name>bicycle</name>
		<pose>Frontal</pose>
		<truncated>0</truncated>
		<difficult>0</difficult>
		<bndbox>
			<xmin>60</xmin>
			<ymin>200</ymin>
			<xmax>243</xmax>
			<ymax>461</ymax>
		</bndbox>
	</object>
</annotation>
