<annotation>
	<folder>VOC2007</folder>
	<filename>003317.jpg</filename>
	<source>
		<database>The VOC2007 Database</database>
		<annotation>PASCAL VOC2007</annotation>
		<image>flickr</image>
		<flickrid>286615438</flickrid>
	</source>
	<owner>
		<flickrid>dev null</flickrid>
		<name>daniel zimmel</name>
	</owner>
	<size>
		<width>500</width>
		<height>375</height>
		<depth>3</depth>
	</size>
	<segmented>0</segmented>
	<object>
		<name>sofa</name>
		<pose>Unspecified</pose>
		<truncated>0</truncated>
		<difficult>0</difficult>
		<bndbox>
			<xmin>1</xmin>
			<ymin>73</ymin>
			<xmax>302</xmax>
			<ymax>372</ymax>
		</bndbox>
	</object>
</annotation>
