<annotation>
	<folder>VOC2007</folder>
	<filename>003337.jpg</filename>
	<source>
		<database>The VOC2007 Database</database>
		<annotation>PASCAL VOC2007</annotation>
		<image>flickr</image>
		<flickrid>331174264</flickrid>
	</source>
	<owner>
		<flickrid>solarider</flickrid>
		<name>solarider</name>
	</owner>
	<size>
		<width>500</width>
		<height>375</height>
		<depth>3</depth>
	</size>
	<segmented>0</segmented>
	<object>
		<name>boat</name>
		<pose>Right</pose>
		<truncated>0</truncated>
		<difficult>0</difficult>
		<bndbox>
			<xmin>71</xmin>
			<ymin>146</ymin>
			<xmax>365</xmax>
			<ymax>210</ymax>
		</bndbox>
	</object>
	<object>
		<name>boat</name>
		<pose>Unspecified</pose>
		<truncated>0</truncated>
		<difficult>1</difficult>
		<bndbox>
			<xmin>227</xmin>
			<ymin>179</ymin>
			<xmax>294</xmax>
			<ymax>216</ymax>
		</bndbox>
	</object>
</annotation>
