<annotation>
	<folder>VOC2007</folder>
	<filename>003326.jpg</filename>
	<source>
		<database>The VOC2007 Database</database>
		<annotation>PASCAL VOC2007</annotation>
		<image>flickr</image>
		<flickrid>316231030</flickrid>
	</source>
	<owner>
		<flickrid>JWILLOME</flickrid>
		<name>JASON WILLOME</name>
	</owner>
	<size>
		<width>500</width>
		<height>500</height>
		<depth>3</depth>
	</size>
	<segmented>0</segmented>
	<object>
		<name>dog</name>
		<pose>Unspecified</pose>
		<truncated>1</truncated>
		<difficult>0</difficult>
		<bndbox>
			<xmin>7</xmin>
			<ymin>19</ymin>
			<xmax>472</xmax>
			<ymax>494</ymax>
		</bndbox>
	</object>
</annotation>
