<annotation>
	<folder>VOC2007</folder>
	<filename>003329.jpg</filename>
	<source>
		<database>The VOC2007 Database</database>
		<annotation>PASCAL VOC2007</annotation>
		<image>flickr</image>
		<flickrid>267641644</flickrid>
	</source>
	<owner>
		<flickrid>sean james</flickrid>
		<name>?</name>
	</owner>
	<size>
		<width>332</width>
		<height>500</height>
		<depth>3</depth>
	</size>
	<segmented>0</segmented>
	<object>
		<name>person</name>
		<pose>Frontal</pose>
		<truncated>0</truncated>
		<difficult>0</difficult>
		<bndbox>
			<xmin>11</xmin>
			<ymin>15</ymin>
			<xmax>284</xmax>
			<ymax>495</ymax>
		</bndbox>
		<part>
			<name>head</name>
			<bndbox>
				<xmin>106.3096</xmin>
				<ymin>17.5773</ymin>
				<xmax>189.1764</xmax>
				<ymax>130.6792</ymax>
			</bndbox>
		</part>
		<part>
			<name>hand</name>
			<bndbox>
				<xmin>105.1898</xmin>
				<ymin>151.9558</ymin>
				<xmax>157.2615</xmax>
				<ymax>195.0689</ymax>
			</bndbox>
		</part>
		<part>
			<name>hand</name>
			<bndbox>
				<xmin>168.4597</xmin>
				<ymin>167.6333</ymin>
				<xmax>214.9323</xmax>
				<ymax>209.0666</ymax>
			</bndbox>
		</part>
		<part>
			<name>foot</name>
			<bndbox>
				<xmin>200.9345</xmin>
				<ymin>394.397</ymin>
				<xmax>226.1305</xmax>
				<ymax>443.1092</ymax>
			</bndbox>
		</part>
		<part>
			<name>foot</name>
			<bndbox>
				<xmin>157.2615</xmin>
				<ymin>445.9087</ymin>
				<xmax>188.6165</xmax>
				<ymax>495.7408</ymax>
			</bndbox>
		</part>
	</object>
</annotation>
