<annotation>
	<folder>VOC2007</folder>
	<filename>003316.jpg</filename>
	<source>
		<database>The VOC2007 Database</database>
		<annotation>PASCAL VOC2007</annotation>
		<image>flickr</image>
		<flickrid>337128052</flickrid>
	</source>
	<owner>
		<flickrid>Yley Coyote</flickrid>
		<name>Jessica M.</name>
	</owner>
	<size>
		<width>500</width>
		<height>403</height>
		<depth>3</depth>
	</size>
	<segmented>0</segmented>
	<object>
		<name>bird</name>
		<pose>Rear</pose>
		<truncated>0</truncated>
		<difficult>0</difficult>
		<bndbox>
			<xmin>204</xmin>
			<ymin>112</ymin>
			<xmax>406</xmax>
			<ymax>340</ymax>
		</bndbox>
	</object>
	<object>
		<name>bird</name>
		<pose>Unspecified</pose>
		<truncated>0</truncated>
		<difficult>1</difficult>
		<bndbox>
			<xmin>53</xmin>
			<ymin>43</ymin>
			<xmax>131</xmax>
			<ymax>102</ymax>
		</bndbox>
	</object>
	<object>
		<name>bird</name>
		<pose>Unspecified</pose>
		<truncated>0</truncated>
		<difficult>1</difficult>
		<bndbox>
			<xmin>175</xmin>
			<ymin>11</ymin>
			<xmax>272</xmax>
			<ymax>81</ymax>
		</bndbox>
	</object>
</annotation>
