<annotation>
	<folder>VOC2007</folder>
	<filename>003445.jpg</filename>
	<source>
		<database>The VOC2007 Database</database>
		<annotation>PASCAL VOC2007</annotation>
		<image>flickr</image>
		<flickrid>326372734</flickrid>
	</source>
	<owner>
		<flickrid>boeingguy</flickrid>
		<name>?</name>
	</owner>
	<size>
		<width>500</width>
		<height>343</height>
		<depth>3</depth>
	</size>
	<segmented>0</segmented>
	<object>
		<name>aeroplane</name>
		<pose>Right</pose>
		<truncated>0</truncated>
		<difficult>0</difficult>
		<bndbox>
			<xmin>25</xmin>
			<ymin>115</ymin>
			<xmax>493</xmax>
			<ymax>223</ymax>
		</bndbox>
	</object>
	<object>
		<name>aeroplane</name>
		<pose>Unspecified</pose>
		<truncated>1</truncated>
		<difficult>1</difficult>
		<bndbox>
			<xmin>1</xmin>
			<ymin>193</ymin>
			<xmax>140</xmax>
			<ymax>228</ymax>
		</bndbox>
	</object>
</annotation>
