<annotation>
	<folder>VOC2007</folder>
	<filename>003454.jpg</filename>
	<source>
		<database>The VOC2007 Database</database>
		<annotation>PASCAL VOC2007</annotation>
		<image>flickr</image>
		<flickrid>327752117</flickrid>
	</source>
	<owner>
		<flickrid>hewyk</flickrid>
		<name>?</name>
	</owner>
	<size>
		<width>500</width>
		<height>375</height>
		<depth>3</depth>
	</size>
	<segmented>0</segmented>
	<object>
		<name>person</name>
		<pose>Frontal</pose>
		<truncated>0</truncated>
		<difficult>0</difficult>
		<bndbox>
			<xmin>192</xmin>
			<ymin>89</ymin>
			<xmax>380</xmax>
			<ymax>332</ymax>
		</bndbox>
	</object>
</annotation>
