<annotation>
	<folder>VOC2007</folder>
	<filename>003447.jpg</filename>
	<source>
		<database>The VOC2007 Database</database>
		<annotation>PASCAL VOC2007</annotation>
		<image>flickr</image>
		<flickrid>323575260</flickrid>
	</source>
	<owner>
		<flickrid>Mouse Photography</flickrid>
		<name>Rob Hephner</name>
	</owner>
	<size>
		<width>500</width>
		<height>375</height>
		<depth>3</depth>
	</size>
	<segmented>0</segmented>
	<object>
		<name>dog</name>
		<pose>Left</pose>
		<truncated>0</truncated>
		<difficult>0</difficult>
		<bndbox>
			<xmin>152</xmin>
			<ymin>160</ymin>
			<xmax>404</xmax>
			<ymax>291</ymax>
		</bndbox>
	</object>
</annotation>
