<annotation>
	<folder>VOC2007</folder>
	<filename>003444.jpg</filename>
	<source>
		<database>The VOC2007 Database</database>
		<annotation>PASCAL VOC2007</annotation>
		<image>flickr</image>
		<flickrid>327534926</flickrid>
	</source>
	<owner>
		<flickrid>sgibson</flickrid>
		<name>?</name>
	</owner>
	<size>
		<width>369</width>
		<height>270</height>
		<depth>3</depth>
	</size>
	<segmented>0</segmented>
	<object>
		<name>sofa</name>
		<pose>Frontal</pose>
		<truncated>0</truncated>
		<difficult>0</difficult>
		<bndbox>
			<xmin>36</xmin>
			<ymin>91</ymin>
			<xmax>304</xmax>
			<ymax>263</ymax>
		</bndbox>
	</object>
</annotation>
