<annotation>
	<folder>VOC2007</folder>
	<filename>003437.jpg</filename>
	<source>
		<database>The VOC2007 Database</database>
		<annotation>PASCAL VOC2007</annotation>
		<image>flickr</image>
		<flickrid>329772225</flickrid>
	</source>
	<owner>
		<flickrid>Jet and Chels</flickrid>
		<name>?</name>
	</owner>
	<size>
		<width>500</width>
		<height>375</height>
		<depth>3</depth>
	</size>
	<segmented>0</segmented>
	<object>
		<name>sofa</name>
		<pose>Left</pose>
		<truncated>0</truncated>
		<difficult>0</difficult>
		<bndbox>
			<xmin>240</xmin>
			<ymin>126</ymin>
			<xmax>448</xmax>
			<ymax>286</ymax>
		</bndbox>
	</object>
</annotation>
