<annotation>
	<folder>VOC2007</folder>
	<filename>003675.jpg</filename>
	<source>
		<database>The VOC2007 Database</database>
		<annotation>PASCAL VOC2007</annotation>
		<image>flickr</image>
		<flickrid>338889159</flickrid>
	</source>
	<owner>
		<flickrid>S.j.C.</flickrid>
		<name>Steven Craven</name>
	</owner>
	<size>
		<width>500</width>
		<height>333</height>
		<depth>3</depth>
	</size>
	<segmented>0</segmented>
	<object>
		<name>bird</name>
		<pose>Unspecified</pose>
		<truncated>0</truncated>
		<difficult>0</difficult>
		<bndbox>
			<xmin>185</xmin>
			<ymin>133</ymin>
			<xmax>271</xmax>
			<ymax>227</ymax>
		</bndbox>
	</object>
	<object>
		<name>bird</name>
		<pose>Left</pose>
		<truncated>0</truncated>
		<difficult>0</difficult>
		<bndbox>
			<xmin>144</xmin>
			<ymin>110</ymin>
			<xmax>242</xmax>
			<ymax>163</ymax>
		</bndbox>
	</object>
	<object>
		<name>bird</name>
		<pose>Unspecified</pose>
		<truncated>0</truncated>
		<difficult>1</difficult>
		<bndbox>
			<xmin>143</xmin>
			<ymin>149</ymin>
			<xmax>237</xmax>
			<ymax>246</ymax>
		</bndbox>
	</object>
</annotation>
