<annotation>
	<folder>VOC2007</folder>
	<filename>003676.jpg</filename>
	<source>
		<database>The VOC2007 Database</database>
		<annotation>PASCAL VOC2007</annotation>
		<image>flickr</image>
		<flickrid>306875439</flickrid>
	</source>
	<owner>
		<flickrid>mvdlande</flickrid>
		<name>Michel van der Lande</name>
	</owner>
	<size>
		<width>500</width>
		<height>375</height>
		<depth>3</depth>
	</size>
	<segmented>0</segmented>
	<object>
		<name>chair</name>
		<pose>Frontal</pose>
		<truncated>0</truncated>
		<difficult>0</difficult>
		<bndbox>
			<xmin>43</xmin>
			<ymin>177</ymin>
			<xmax>150</xmax>
			<ymax>294</ymax>
		</bndbox>
	</object>
	<object>
		<name>pottedplant</name>
		<pose>Unspecified</pose>
		<truncated>0</truncated>
		<difficult>0</difficult>
		<bndbox>
			<xmin>135</xmin>
			<ymin>118</ymin>
			<xmax>204</xmax>
			<ymax>257</ymax>
		</bndbox>
	</object>
	<object>
		<name>pottedplant</name>
		<pose>Unspecified</pose>
		<truncated>0</truncated>
		<difficult>0</difficult>
		<bndbox>
			<xmin>115</xmin>
			<ymin>146</ymin>
			<xmax>148</xmax>
			<ymax>187</ymax>
		</bndbox>
	</object>
</annotation>
