<annotation>
	<folder>VOC2007</folder>
	<filename>003666.jpg</filename>
	<source>
		<database>The VOC2007 Database</database>
		<annotation>PASCAL VOC2007</annotation>
		<image>flickr</image>
		<flickrid>126592556</flickrid>
	</source>
	<owner>
		<flickrid>Chaz Derham</flickrid>
		<name>Chaz Derham</name>
	</owner>
	<size>
		<width>500</width>
		<height>375</height>
		<depth>3</depth>
	</size>
	<segmented>0</segmented>
	<object>
		<name>car</name>
		<pose>Unspecified</pose>
		<truncated>0</truncated>
		<difficult>0</difficult>
		<bndbox>
			<xmin>29</xmin>
			<ymin>57</ymin>
			<xmax>465</xmax>
			<ymax>280</ymax>
		</bndbox>
	</object>
</annotation>
