<annotation>
	<folder>VOC2007</folder>
	<filename>003674.jpg</filename>
	<source>
		<database>The VOC2007 Database</database>
		<annotation>PASCAL VOC2007</annotation>
		<image>flickr</image>
		<flickrid>333915728</flickrid>
	</source>
	<owner>
		<flickrid>ember_oboe</flickrid>
		<name>Ella</name>
	</owner>
	<size>
		<width>500</width>
		<height>375</height>
		<depth>3</depth>
	</size>
	<segmented>0</segmented>
	<object>
		<name>cat</name>
		<pose>Frontal</pose>
		<truncated>1</truncated>
		<difficult>0</difficult>
		<bndbox>
			<xmin>79</xmin>
			<ymin>1</ymin>
			<xmax>476</xmax>
			<ymax>375</ymax>
		</bndbox>
	</object>
</annotation>
