<annotation>
	<folder>VOC2007</folder>
	<filename>003660.jpg</filename>
	<source>
		<database>The VOC2007 Database</database>
		<annotation>PASCAL VOC2007</annotation>
		<image>flickr</image>
		<flickrid>246810849</flickrid>
	</source>
	<owner>
		<flickrid>derektor</flickrid>
		<name>derek cabellon</name>
	</owner>
	<size>
		<width>375</width>
		<height>500</height>
		<depth>3</depth>
	</size>
	<segmented>0</segmented>
	<object>
		<name>tvmonitor</name>
		<pose>Rear</pose>
		<truncated>1</truncated>
		<difficult>0</difficult>
		<bndbox>
			<xmin>230</xmin>
			<ymin>185</ymin>
			<xmax>375</xmax>
			<ymax>391</ymax>
		</bndbox>
	</object>
</annotation>
