<annotation>
	<folder>VOC2007</folder>
	<filename>003845.jpg</filename>
	<source>
		<database>The VOC2007 Database</database>
		<annotation>PASCAL VOC2007</annotation>
		<image>flickr</image>
		<flickrid>340167238</flickrid>
	</source>
	<owner>
		<flickrid>la vie d'appartement</flickrid>
		<name>Melanie Levi</name>
	</owner>
	<size>
		<width>500</width>
		<height>375</height>
		<depth>3</depth>
	</size>
	<segmented>0</segmented>
	<object>
		<name>sofa</name>
		<pose>Unspecified</pose>
		<truncated>0</truncated>
		<difficult>0</difficult>
		<bndbox>
			<xmin>1</xmin>
			<ymin>26</ymin>
			<xmax>500</xmax>
			<ymax>355</ymax>
		</bndbox>
	</object>
</annotation>
