<annotation>
	<folder>VOC2007</folder>
	<filename>003840.jpg</filename>
	<source>
		<database>The VOC2007 Database</database>
		<annotation>PASCAL VOC2007</annotation>
		<image>flickr</image>
		<flickrid>335496608</flickrid>
	</source>
	<owner>
		<flickrid>Sh0rty</flickrid>
		<name>Andrew Short</name>
	</owner>
	<size>
		<width>375</width>
		<height>500</height>
		<depth>3</depth>
	</size>
	<segmented>0</segmented>
	<object>
		<name>cow</name>
		<pose>Unspecified</pose>
		<truncated>1</truncated>
		<difficult>0</difficult>
		<bndbox>
			<xmin>44</xmin>
			<ymin>29</ymin>
			<xmax>375</xmax>
			<ymax>493</ymax>
		</bndbox>
	</object>
</annotation>
