<annotation>
	<folder>VOC2007</folder>
	<filename>003814.jpg</filename>
	<source>
		<database>The VOC2007 Database</database>
		<annotation>PASCAL VOC2007</annotation>
		<image>flickr</image>
		<flickrid>326940383</flickrid>
	</source>
	<owner>
		<flickrid>Tytania</flickrid>
		<name>Lacie Klugel</name>
	</owner>
	<size>
		<width>500</width>
		<height>374</height>
		<depth>3</depth>
	</size>
	<segmented>0</segmented>
	<object>
		<name>cat</name>
		<pose>Unspecified</pose>
		<truncated>0</truncated>
		<difficult>0</difficult>
		<bndbox>
			<xmin>116</xmin>
			<ymin>75</ymin>
			<xmax>423</xmax>
			<ymax>314</ymax>
		</bndbox>
	</object>
</annotation>
