<annotation>
	<folder>VOC2007</folder>
	<filename>003828.jpg</filename>
	<source>
		<database>The VOC2007 Database</database>
		<annotation>PASCAL VOC2007</annotation>
		<image>flickr</image>
		<flickrid>330291253</flickrid>
	</source>
	<owner>
		<flickrid>ozguraydin</flickrid>
		<name>?zg?r Ayd?n</name>
	</owner>
	<size>
		<width>403</width>
		<height>500</height>
		<depth>3</depth>
	</size>
	<segmented>0</segmented>
	<object>
		<name>bird</name>
		<pose>Unspecified</pose>
		<truncated>0</truncated>
		<difficult>0</difficult>
		<bndbox>
			<xmin>168</xmin>
			<ymin>53</ymin>
			<xmax>223</xmax>
			<ymax>86</ymax>
		</bndbox>
	</object>
</annotation>
