<annotation>
	<folder>VOC2007</folder>
	<filename>003817.jpg</filename>
	<source>
		<database>The VOC2007 Database</database>
		<annotation>PASCAL VOC2007</annotation>
		<image>flickr</image>
		<flickrid>312393936</flickrid>
	</source>
	<owner>
		<flickrid>elladog</flickrid>
		<name>Aaryn B.</name>
	</owner>
	<size>
		<width>500</width>
		<height>333</height>
		<depth>3</depth>
	</size>
	<segmented>0</segmented>
	<object>
		<name>person</name>
		<pose>Unspecified</pose>
		<truncated>1</truncated>
		<difficult>0</difficult>
		<bndbox>
			<xmin>5</xmin>
			<ymin>3</ymin>
			<xmax>431</xmax>
			<ymax>333</ymax>
		</bndbox>
	</object>
</annotation>
