<annotation>
	<folder>VOC2007</folder>
	<filename>004272.jpg</filename>
	<source>
		<database>The VOC2007 Database</database>
		<annotation>PASCAL VOC2007</annotation>
		<image>flickr</image>
		<flickrid>264298175</flickrid>
	</source>
	<owner>
		<flickrid>poortvld</flickrid>
		<name>Dave Poortvliet</name>
	</owner>
	<size>
		<width>375</width>
		<height>500</height>
		<depth>3</depth>
	</size>
	<segmented>0</segmented>
	<object>
		<name>dog</name>
		<pose>Frontal</pose>
		<truncated>1</truncated>
		<difficult>0</difficult>
		<bndbox>
			<xmin>163</xmin>
			<ymin>146</ymin>
			<xmax>367</xmax>
			<ymax>394</ymax>
		</bndbox>
	</object>
</annotation>
