<annotation>
	<folder>VOC2007</folder>
	<filename>004288.jpg</filename>
	<source>
		<database>The VOC2007 Database</database>
		<annotation>PASCAL VOC2007</annotation>
		<image>flickr</image>
		<flickrid>333558723</flickrid>
	</source>
	<owner>
		<flickrid>sarah.waldie1</flickrid>
		<name>?</name>
	</owner>
	<size>
		<width>500</width>
		<height>375</height>
		<depth>3</depth>
	</size>
	<segmented>0</segmented>
	<object>
		<name>dog</name>
		<pose>Frontal</pose>
		<truncated>0</truncated>
		<difficult>0</difficult>
		<bndbox>
			<xmin>207</xmin>
			<ymin>135</ymin>
			<xmax>390</xmax>
			<ymax>375</ymax>
		</bndbox>
	</object>
	<object>
		<name>sofa</name>
		<pose>Frontal</pose>
		<truncated>1</truncated>
		<difficult>0</difficult>
		<bndbox>
			<xmin>4</xmin>
			<ymin>57</ymin>
			<xmax>500</xmax>
			<ymax>368</ymax>
		</bndbox>
	</object>
	<object>
		<name>person</name>
		<pose>Frontal</pose>
		<truncated>1</truncated>
		<difficult>0</difficult>
		<bndbox>
			<xmin>30</xmin>
			<ymin>5</ymin>
			<xmax>280</xmax>
			<ymax>374</ymax>
		</bndbox>
		<part>
			<name>head</name>
			<bndbox>
				<xmin>74.7581</xmin>
				<ymin>1.9698</ymin>
				<xmax>164.6237</xmax>
				<ymax>96.0347</ymax>
			</bndbox>
		</part>
		<part>
			<name>hand</name>
			<bndbox>
				<xmin>91.9754</xmin>
				<ymin>217.8152</ymin>
				<xmax>146.9866</xmax>
				<ymax>266.9474</ymax>
			</bndbox>
		</part>
		<part>
			<name>hand</name>
			<bndbox>
				<xmin>74.7581</xmin>
				<ymin>245.1109</ymin>
				<xmax>114.2318</xmax>
				<ymax>279.9653</ymax>
			</bndbox>
		</part>
	</object>
	<object>
		<name>person</name>
		<pose>Frontal</pose>
		<truncated>1</truncated>
		<difficult>0</difficult>
		<bndbox>
			<xmin>244</xmin>
			<ymin>3</ymin>
			<xmax>500</xmax>
			<ymax>375</ymax>
		</bndbox>
		<part>
			<name>head</name>
			<bndbox>
				<xmin>378.3695</xmin>
				<ymin>2.3897</ymin>
				<xmax>444.7189</xmax>
				<ymax>77.9776</ymax>
			</bndbox>
		</part>
		<part>
			<name>foot</name>
			<bndbox>
				<xmin>368.2912</xmin>
				<ymin>334.5566</ymin>
				<xmax>454.3774</xmax>
				<ymax>375</ymax>
			</bndbox>
		</part>
		<part>
			<name>hand</name>
			<bndbox>
				<xmin>407.3449</xmin>
				<ymin>174.5622</ymin>
				<xmax>458.9966</xmax>
				<ymax>201.4378</ymax>
			</bndbox>
		</part>
	</object>
</annotation>
