<annotation>
	<folder>VOC2007</folder>
	<filename>004284.jpg</filename>
	<source>
		<database>The VOC2007 Database</database>
		<annotation>PASCAL VOC2007</annotation>
		<image>flickr</image>
		<flickrid>333027033</flickrid>
	</source>
	<owner>
		<flickrid>funlive2000</flickrid>
		<name>?</name>
	</owner>
	<size>
		<width>500</width>
		<height>263</height>
		<depth>3</depth>
	</size>
	<segmented>0</segmented>
	<object>
		<name>car</name>
		<pose>Rear</pose>
		<truncated>0</truncated>
		<difficult>0</difficult>
		<bndbox>
			<xmin>100</xmin>
			<ymin>118</ymin>
			<xmax>212</xmax>
			<ymax>185</ymax>
		</bndbox>
	</object>
	<object>
		<name>car</name>
		<pose>Unspecified</pose>
		<truncated>0</truncated>
		<difficult>0</difficult>
		<bndbox>
			<xmin>251</xmin>
			<ymin>104</ymin>
			<xmax>389</xmax>
			<ymax>182</ymax>
		</bndbox>
	</object>
</annotation>
