<annotation>
	<folder>VOC2007</folder>
	<filename>004266.jpg</filename>
	<source>
		<database>The VOC2007 Database</database>
		<annotation>PASCAL VOC2007</annotation>
		<image>flickr</image>
		<flickrid>335306017</flickrid>
	</source>
	<owner>
		<flickrid>southcowgal</flickrid>
		<name>Tara</name>
	</owner>
	<size>
		<width>500</width>
		<height>375</height>
		<depth>3</depth>
	</size>
	<segmented>0</segmented>
	<object>
		<name>horse</name>
		<pose>Left</pose>
		<truncated>0</truncated>
		<difficult>0</difficult>
		<bndbox>
			<xmin>49</xmin>
			<ymin>68</ymin>
			<xmax>456</xmax>
			<ymax>327</ymax>
		</bndbox>
	</object>
	<object>
		<name>person</name>
		<pose>Unspecified</pose>
		<truncated>1</truncated>
		<difficult>0</difficult>
		<bndbox>
			<xmin>435</xmin>
			<ymin>64</ymin>
			<xmax>500</xmax>
			<ymax>177</ymax>
		</bndbox>
	</object>
</annotation>
