<annotation>
	<folder>VOC2007</folder>
	<filename>004586.jpg</filename>
	<source>
		<database>The VOC2007 Database</database>
		<annotation>PASCAL VOC2007</annotation>
		<image>flickr</image>
		<flickrid>314606590</flickrid>
	</source>
	<owner>
		<flickrid>the.voyager</flickrid>
		<name>?</name>
	</owner>
	<size>
		<width>500</width>
		<height>375</height>
		<depth>3</depth>
	</size>
	<segmented>0</segmented>
	<object>
		<name>car</name>
		<pose>Right</pose>
		<truncated>0</truncated>
		<difficult>0</difficult>
		<bndbox>
			<xmin>9</xmin>
			<ymin>200</ymin>
			<xmax>494</xmax>
			<ymax>364</ymax>
		</bndbox>
	</object>
</annotation>
