<annotation>
	<folder>VOC2007</folder>
	<filename>004583.jpg</filename>
	<source>
		<database>The VOC2007 Database</database>
		<annotation>PASCAL VOC2007</annotation>
		<image>flickr</image>
		<flickrid>49090820</flickrid>
	</source>
	<owner>
		<flickrid>goodgrief</flickrid>
		<name>Scott</name>
	</owner>
	<size>
		<width>500</width>
		<height>375</height>
		<depth>3</depth>
	</size>
	<segmented>0</segmented>
	<object>
		<name>bird</name>
		<pose>Unspecified</pose>
		<truncated>0</truncated>
		<difficult>0</difficult>
		<bndbox>
			<xmin>303</xmin>
			<ymin>195</ymin>
			<xmax>337</xmax>
			<ymax>280</ymax>
		</bndbox>
	</object>
</annotation>
