<annotation>
	<folder>VOC2007</folder>
	<filename>004596.jpg</filename>
	<source>
		<database>The VOC2007 Database</database>
		<annotation>PASCAL VOC2007</annotation>
		<image>flickr</image>
		<flickrid>49207632</flickrid>
	</source>
	<owner>
		<flickrid>freshelectrons</flickrid>
		<name>Havi</name>
	</owner>
	<size>
		<width>382</width>
		<height>500</height>
		<depth>3</depth>
	</size>
	<segmented>0</segmented>
	<object>
		<name>car</name>
		<pose>Frontal</pose>
		<truncated>1</truncated>
		<difficult>0</difficult>
		<bndbox>
			<xmin>1</xmin>
			<ymin>5</ymin>
			<xmax>381</xmax>
			<ymax>499</ymax>
		</bndbox>
	</object>
</annotation>
