<annotation>
	<folder>VOC2007</folder>
	<filename>004587.jpg</filename>
	<source>
		<database>The VOC2007 Database</database>
		<annotation>PASCAL VOC2007</annotation>
		<image>flickr</image>
		<flickrid>307399702</flickrid>
	</source>
	<owner>
		<flickrid>charmcity</flickrid>
		<name>Matzoh Ball Soup</name>
	</owner>
	<size>
		<width>333</width>
		<height>500</height>
		<depth>3</depth>
	</size>
	<segmented>0</segmented>
	<object>
		<name>dog</name>
		<pose>Right</pose>
		<truncated>0</truncated>
		<difficult>0</difficult>
		<bndbox>
			<xmin>209</xmin>
			<ymin>298</ymin>
			<xmax>322</xmax>
			<ymax>356</ymax>
		</bndbox>
	</object>
</annotation>
