<annotation>
	<folder>VOC2007</folder>
	<filename>004584.jpg</filename>
	<source>
		<database>The VOC2007 Database</database>
		<annotation>PASCAL VOC2007</annotation>
		<image>flickr</image>
		<flickrid>305005618</flickrid>
	</source>
	<owner>
		<flickrid>A Storybook Life</flickrid>
		<name>Pearl</name>
	</owner>
	<size>
		<width>500</width>
		<height>375</height>
		<depth>3</depth>
	</size>
	<segmented>0</segmented>
	<object>
		<name>sofa</name>
		<pose>Frontal</pose>
		<truncated>1</truncated>
		<difficult>0</difficult>
		<bndbox>
			<xmin>6</xmin>
			<ymin>89</ymin>
			<xmax>498</xmax>
			<ymax>327</ymax>
		</bndbox>
	</object>
</annotation>
