<annotation>
	<folder>VOC2007</folder>
	<filename>004577.jpg</filename>
	<source>
		<database>The VOC2007 Database</database>
		<annotation>PASCAL VOC2007</annotation>
		<image>flickr</image>
		<flickrid>312338066</flickrid>
	</source>
	<owner>
		<flickrid>nana_walrus</flickrid>
		<name>nana walrus</name>
	</owner>
	<size>
		<width>500</width>
		<height>375</height>
		<depth>3</depth>
	</size>
	<segmented>0</segmented>
	<object>
		<name>cat</name>
		<pose>Unspecified</pose>
		<truncated>1</truncated>
		<difficult>0</difficult>
		<bndbox>
			<xmin>79</xmin>
			<ymin>80</ymin>
			<xmax>267</xmax>
			<ymax>195</ymax>
		</bndbox>
	</object>
	<object>
		<name>cat</name>
		<pose>Unspecified</pose>
		<truncated>1</truncated>
		<difficult>0</difficult>
		<bndbox>
			<xmin>212</xmin>
			<ymin>89</ymin>
			<xmax>426</xmax>
			<ymax>271</ymax>
		</bndbox>
	</object>
</annotation>
