<annotation>
	<folder>VOC2007</folder>
	<filename>004574.jpg</filename>
	<source>
		<database>The VOC2007 Database</database>
		<annotation>PASCAL VOC2007</annotation>
		<image>flickr</image>
		<flickrid>333037317</flickrid>
	</source>
	<owner>
		<flickrid>salgada</flickrid>
		<name>Ana Matias</name>
	</owner>
	<size>
		<width>334</width>
		<height>500</height>
		<depth>3</depth>
	</size>
	<segmented>0</segmented>
	<object>
		<name>chair</name>
		<pose>Unspecified</pose>
		<truncated>0</truncated>
		<difficult>0</difficult>
		<bndbox>
			<xmin>56</xmin>
			<ymin>250</ymin>
			<xmax>203</xmax>
			<ymax>450</ymax>
		</bndbox>
	</object>
	<object>
		<name>person</name>
		<pose>Unspecified</pose>
		<truncated>0</truncated>
		<difficult>0</difficult>
		<bndbox>
			<xmin>56</xmin>
			<ymin>125</ymin>
			<xmax>206</xmax>
			<ymax>330</ymax>
		</bndbox>
	</object>
</annotation>
