<annotation>
	<folder>VOC2007</folder>
	<filename>004601.jpg</filename>
	<source>
		<database>The VOC2007 Database</database>
		<annotation>PASCAL VOC2007</annotation>
		<image>flickr</image>
		<flickrid>318512682</flickrid>
	</source>
	<owner>
		<flickrid>Gaspa</flickrid>
		<name>Francesco Gasparetti</name>
	</owner>
	<size>
		<width>500</width>
		<height>333</height>
		<depth>3</depth>
	</size>
	<segmented>0</segmented>
	<object>
		<name>motorbike</name>
		<pose>Unspecified</pose>
		<truncated>0</truncated>
		<difficult>0</difficult>
		<bndbox>
			<xmin>151</xmin>
			<ymin>100</ymin>
			<xmax>266</xmax>
			<ymax>317</ymax>
		</bndbox>
	</object>
	<object>
		<name>person</name>
		<pose>Rear</pose>
		<truncated>0</truncated>
		<difficult>0</difficult>
		<bndbox>
			<xmin>200</xmin>
			<ymin>43</ymin>
			<xmax>332</xmax>
			<ymax>308</ymax>
		</bndbox>
	</object>
</annotation>
