<annotation>
	<folder>VOC2007</folder>
	<filename>004600.jpg</filename>
	<source>
		<database>The VOC2007 Database</database>
		<annotation>PASCAL VOC2007</annotation>
		<image>flickr</image>
		<flickrid>325098479</flickrid>
	</source>
	<owner>
		<flickrid>Stephen Fulljames</flickrid>
		<name>Stephen Fulljames</name>
	</owner>
	<size>
		<width>500</width>
		<height>375</height>
		<depth>3</depth>
	</size>
	<segmented>0</segmented>
	<object>
		<name>cat</name>
		<pose>Frontal</pose>
		<truncated>1</truncated>
		<difficult>0</difficult>
		<bndbox>
			<xmin>178</xmin>
			<ymin>40</ymin>
			<xmax>298</xmax>
			<ymax>281</ymax>
		</bndbox>
	</object>
</annotation>
