<annotation>
	<folder>VOC2007</folder>
	<filename>004602.jpg</filename>
	<source>
		<database>The VOC2007 Database</database>
		<annotation>PASCAL VOC2007</annotation>
		<image>flickr</image>
		<flickrid>268787980</flickrid>
	</source>
	<owner>
		<flickrid>Tania G</flickrid>
		<name>?</name>
	</owner>
	<size>
		<width>500</width>
		<height>333</height>
		<depth>3</depth>
	</size>
	<segmented>0</segmented>
	<object>
		<name>car</name>
		<pose>Right</pose>
		<truncated>0</truncated>
		<difficult>0</difficult>
		<bndbox>
			<xmin>56</xmin>
			<ymin>138</ymin>
			<xmax>483</xmax>
			<ymax>272</ymax>
		</bndbox>
	</object>
</annotation>
