<annotation>
	<folder>VOC2007</folder>
	<filename>004730.jpg</filename>
	<source>
		<database>The VOC2007 Database</database>
		<annotation>PASCAL VOC2007</annotation>
		<image>flickr</image>
		<flickrid>91030581</flickrid>
	</source>
	<owner>
		<flickrid>Velvet Android</flickrid>
		<name>Dave</name>
	</owner>
	<size>
		<width>500</width>
		<height>375</height>
		<depth>3</depth>
	</size>
	<segmented>0</segmented>
	<object>
		<name>bird</name>
		<pose>Left</pose>
		<truncated>0</truncated>
		<difficult>0</difficult>
		<bndbox>
			<xmin>166</xmin>
			<ymin>1</ymin>
			<xmax>500</xmax>
			<ymax>266</ymax>
		</bndbox>
	</object>
</annotation>
