<annotation>
	<folder>VOC2007</folder>
	<filename>004734.jpg</filename>
	<source>
		<database>The VOC2007 Database</database>
		<annotation>PASCAL VOC2007</annotation>
		<image>flickr</image>
		<flickrid>236806815</flickrid>
	</source>
	<owner>
		<flickrid>cosmin.margarit</flickrid>
		<name>?</name>
	</owner>
	<size>
		<width>474</width>
		<height>316</height>
		<depth>3</depth>
	</size>
	<segmented>0</segmented>
	<object>
		<name>car</name>
		<pose>Right</pose>
		<truncated>0</truncated>
		<difficult>0</difficult>
		<bndbox>
			<xmin>52</xmin>
			<ymin>43</ymin>
			<xmax>409</xmax>
			<ymax>234</ymax>
		</bndbox>
	</object>
</annotation>
