<annotation>
	<folder>VOC2007</folder>
	<filename>004732.jpg</filename>
	<source>
		<database>The VOC2007 Database</database>
		<annotation>PASCAL VOC2007</annotation>
		<image>flickr</image>
		<flickrid>329761039</flickrid>
	</source>
	<owner>
		<flickrid>katsuko68</flickrid>
		<name>Kris</name>
	</owner>
	<size>
		<width>375</width>
		<height>500</height>
		<depth>3</depth>
	</size>
	<segmented>0</segmented>
	<object>
		<name>chair</name>
		<pose>Frontal</pose>
		<truncated>0</truncated>
		<difficult>0</difficult>
		<bndbox>
			<xmin>60</xmin>
			<ymin>140</ymin>
			<xmax>375</xmax>
			<ymax>500</ymax>
		</bndbox>
	</object>
	<object>
		<name>person</name>
		<pose>Frontal</pose>
		<truncated>0</truncated>
		<difficult>0</difficult>
		<bndbox>
			<xmin>78</xmin>
			<ymin>163</ymin>
			<xmax>361</xmax>
			<ymax>497</ymax>
		</bndbox>
		<part>
			<name>head</name>
			<bndbox>
				<xmin>170.3628</xmin>
				<ymin>162.5941</ymin>
				<xmax>207.8768</xmax>
				<ymax>218.5851</ymax>
			</bndbox>
		</part>
		<part>
			<name>hand</name>
			<bndbox>
				<xmin>339.4558</xmin>
				<ymin>216.3455</ymin>
				<xmax>361.8522</xmax>
				<ymax>227.5437</ymax>
			</bndbox>
		</part>
		<part>
			<name>hand</name>
			<bndbox>
				<xmin>79.6573</xmin>
				<ymin>211.8662</ymin>
				<xmax>109.8925</xmax>
				<ymax>230.9031</ymax>
			</bndbox>
		</part>
		<part>
			<name>foot</name>
			<bndbox>
				<xmin>151.8858</xmin>
				<ymin>394.9569</ymin>
				<xmax>212.3561</xmax>
				<ymax>440.8695</ymax>
			</bndbox>
		</part>
		<part>
			<name>foot</name>
			<bndbox>
				<xmin>209.5566</xmin>
				<ymin>438.07</ymin>
				<xmax>251.5498</xmax>
				<ymax>495.1809</ymax>
			</bndbox>
		</part>
	</object>
</annotation>
