<annotation>
	<folder>VOC2007</folder>
	<filename>004738.jpg</filename>
	<source>
		<database>The VOC2007 Database</database>
		<annotation>PASCAL VOC2007</annotation>
		<image>flickr</image>
		<flickrid>79996965</flickrid>
	</source>
	<owner>
		<flickrid>m_w_scott</flickrid>
		<name>Mike Scott</name>
	</owner>
	<size>
		<width>328</width>
		<height>432</height>
		<depth>3</depth>
	</size>
	<segmented>0</segmented>
	<object>
		<name>motorbike</name>
		<pose>Unspecified</pose>
		<truncated>1</truncated>
		<difficult>0</difficult>
		<bndbox>
			<xmin>155</xmin>
			<ymin>288</ymin>
			<xmax>324</xmax>
			<ymax>432</ymax>
		</bndbox>
	</object>
	<object>
		<name>person</name>
		<pose>Unspecified</pose>
		<truncated>1</truncated>
		<difficult>0</difficult>
		<bndbox>
			<xmin>197</xmin>
			<ymin>240</ymin>
			<xmax>302</xmax>
			<ymax>428</ymax>
		</bndbox>
	</object>
</annotation>
