<annotation>
	<folder>VOC2007</folder>
	<filename>004914.jpg</filename>
	<source>
		<database>The VOC2007 Database</database>
		<annotation>PASCAL VOC2007</annotation>
		<image>flickr</image>
		<flickrid>318123423</flickrid>
	</source>
	<owner>
		<flickrid>clanjo111</flickrid>
		<name>?</name>
	</owner>
	<size>
		<width>500</width>
		<height>375</height>
		<depth>3</depth>
	</size>
	<segmented>0</segmented>
	<object>
		<name>boat</name>
		<pose>Right</pose>
		<truncated>0</truncated>
		<difficult>0</difficult>
		<bndbox>
			<xmin>78</xmin>
			<ymin>6</ymin>
			<xmax>373</xmax>
			<ymax>354</ymax>
		</bndbox>
	</object>
</annotation>
