<annotation>
	<folder>VOC2007</folder>
	<filename>004933.jpg</filename>
	<source>
		<database>The VOC2007 Database</database>
		<annotation>PASCAL VOC2007</annotation>
		<image>flickr</image>
		<flickrid>131479684</flickrid>
	</source>
	<owner>
		<flickrid>alanoo</flickrid>
		<name>Alan</name>
	</owner>
	<size>
		<width>500</width>
		<height>375</height>
		<depth>3</depth>
	</size>
	<segmented>0</segmented>
	<object>
		<name>car</name>
		<pose>Rear</pose>
		<truncated>0</truncated>
		<difficult>0</difficult>
		<bndbox>
			<xmin>148</xmin>
			<ymin>163</ymin>
			<xmax>227</xmax>
			<ymax>200</ymax>
		</bndbox>
	</object>
</annotation>
