<annotation>
	<folder>VOC2007</folder>
	<filename>005109.jpg</filename>
	<source>
		<database>The VOC2007 Database</database>
		<annotation>PASCAL VOC2007</annotation>
		<image>flickr</image>
		<flickrid>306589530</flickrid>
	</source>
	<owner>
		<flickrid>JonHall</flickrid>
		<name>Jon Hall</name>
	</owner>
	<size>
		<width>500</width>
		<height>350</height>
		<depth>3</depth>
	</size>
	<segmented>0</segmented>
	<object>
		<name>cat</name>
		<pose>Unspecified</pose>
		<truncated>1</truncated>
		<difficult>0</difficult>
		<bndbox>
			<xmin>1</xmin>
			<ymin>4</ymin>
			<xmax>465</xmax>
			<ymax>350</ymax>
		</bndbox>
	</object>
</annotation>
