<annotation>
	<folder>VOC2007</folder>
	<filename>005107.jpg</filename>
	<source>
		<database>The VOC2007 Database</database>
		<annotation>PASCAL VOC2007</annotation>
		<image>flickr</image>
		<flickrid>249100859</flickrid>
	</source>
	<owner>
		<flickrid>petergillies</flickrid>
		<name>Peter Gillies</name>
	</owner>
	<size>
		<width>500</width>
		<height>375</height>
		<depth>3</depth>
	</size>
	<segmented>1</segmented>
	<object>
		<name>bicycle</name>
		<pose>Left</pose>
		<truncated>0</truncated>
		<difficult>0</difficult>
		<bndbox>
			<xmin>54</xmin>
			<ymin>195</ymin>
			<xmax>273</xmax>
			<ymax>337</ymax>
		</bndbox>
	</object>
	<object>
		<name>person</name>
		<pose>Unspecified</pose>
		<truncated>0</truncated>
		<difficult>0</difficult>
		<bndbox>
			<xmin>271</xmin>
			<ymin>138</ymin>
			<xmax>288</xmax>
			<ymax>192</ymax>
		</bndbox>
	</object>
</annotation>
