<annotation>
	<folder>VOC2007</folder>
	<filename>005318.jpg</filename>
	<source>
		<database>The VOC2007 Database</database>
		<annotation>PASCAL VOC2007</annotation>
		<image>flickr</image>
		<flickrid>282997718</flickrid>
	</source>
	<owner>
		<flickrid>Aidan Wojtas</flickrid>
		<name>?</name>
	</owner>
	<size>
		<width>500</width>
		<height>375</height>
		<depth>3</depth>
	</size>
	<segmented>0</segmented>
	<object>
		<name>car</name>
		<pose>Rear</pose>
		<truncated>0</truncated>
		<difficult>0</difficult>
		<bndbox>
			<xmin>109</xmin>
			<ymin>37</ymin>
			<xmax>421</xmax>
			<ymax>291</ymax>
		</bndbox>
	</object>
</annotation>
