<annotation>
	<folder>VOC2007</folder>
	<filename>005341.jpg</filename>
	<source>
		<database>The VOC2007 Database</database>
		<annotation>PASCAL VOC2007</annotation>
		<image>flickr</image>
		<flickrid>339022405</flickrid>
	</source>
	<owner>
		<flickrid>bart_azare</flickrid>
		<name>Bart Azare</name>
	</owner>
	<size>
		<width>500</width>
		<height>316</height>
		<depth>3</depth>
	</size>
	<segmented>0</segmented>
	<object>
		<name>person</name>
		<pose>Left</pose>
		<truncated>1</truncated>
		<difficult>0</difficult>
		<bndbox>
			<xmin>312</xmin>
			<ymin>101</ymin>
			<xmax>500</xmax>
			<ymax>316</ymax>
		</bndbox>
	</object>
</annotation>
