<annotation>
	<folder>VOC2007</folder>
	<filename>005342.jpg</filename>
	<source>
		<database>The VOC2007 Database</database>
		<annotation>PASCAL VOC2007</annotation>
		<image>flickr</image>
		<flickrid>336590887</flickrid>
	</source>
	<owner>
		<flickrid>pompey_diver</flickrid>
		<name>John</name>
	</owner>
	<size>
		<width>500</width>
		<height>312</height>
		<depth>3</depth>
	</size>
	<segmented>0</segmented>
	<object>
		<name>person</name>
		<pose>Unspecified</pose>
		<truncated>0</truncated>
		<difficult>0</difficult>
		<bndbox>
			<xmin>231</xmin>
			<ymin>28</ymin>
			<xmax>420</xmax>
			<ymax>218</ymax>
		</bndbox>
	</object>
	<object>
		<name>person</name>
		<pose>Unspecified</pose>
		<truncated>1</truncated>
		<difficult>1</difficult>
		<bndbox>
			<xmin>181</xmin>
			<ymin>132</ymin>
			<xmax>239</xmax>
			<ymax>177</ymax>
		</bndbox>
	</object>
	<object>
		<name>person</name>
		<pose>Unspecified</pose>
		<truncated>1</truncated>
		<difficult>1</difficult>
		<bndbox>
			<xmin>95</xmin>
			<ymin>126</ymin>
			<xmax>162</xmax>
			<ymax>183</ymax>
		</bndbox>
	</object>
	<object>
		<name>horse</name>
		<pose>Unspecified</pose>
		<truncated>1</truncated>
		<difficult>0</difficult>
		<bndbox>
			<xmin>221</xmin>
			<ymin>115</ymin>
			<xmax>482</xmax>
			<ymax>312</ymax>
		</bndbox>
	</object>
	<object>
		<name>horse</name>
		<pose>Unspecified</pose>
		<truncated>1</truncated>
		<difficult>0</difficult>
		<bndbox>
			<xmin>139</xmin>
			<ymin>151</ymin>
			<xmax>283</xmax>
			<ymax>307</ymax>
		</bndbox>
	</object>
	<object>
		<name>horse</name>
		<pose>Left</pose>
		<truncated>1</truncated>
		<difficult>0</difficult>
		<bndbox>
			<xmin>47</xmin>
			<ymin>147</ymin>
			<xmax>152</xmax>
			<ymax>289</ymax>
		</bndbox>
	</object>
</annotation>
