<annotation>
	<folder>VOC2007</folder>
	<filename>005556.jpg</filename>
	<source>
		<database>The VOC2007 Database</database>
		<annotation>PASCAL VOC2007</annotation>
		<image>flickr</image>
		<flickrid>331660405</flickrid>
	</source>
	<owner>
		<flickrid>Yamane-chan</flickrid>
		<name>Natalie</name>
	</owner>
	<size>
		<width>500</width>
		<height>333</height>
		<depth>3</depth>
	</size>
	<segmented>0</segmented>
	<object>
		<name>pottedplant</name>
		<pose>Unspecified</pose>
		<truncated>1</truncated>
		<difficult>1</difficult>
		<bndbox>
			<xmin>1</xmin>
			<ymin>11</ymin>
			<xmax>82</xmax>
			<ymax>333</ymax>
		</bndbox>
	</object>
	<object>
		<name>chair</name>
		<pose>Unspecified</pose>
		<truncated>1</truncated>
		<difficult>1</difficult>
		<bndbox>
			<xmin>1</xmin>
			<ymin>276</ymin>
			<xmax>107</xmax>
			<ymax>333</ymax>
		</bndbox>
	</object>
	<object>
		<name>sofa</name>
		<pose>Unspecified</pose>
		<truncated>1</truncated>
		<difficult>1</difficult>
		<bndbox>
			<xmin>221</xmin>
			<ymin>227</ymin>
			<xmax>500</xmax>
			<ymax>333</ymax>
		</bndbox>
	</object>
	<object>
		<name>person</name>
		<pose>Frontal</pose>
		<truncated>1</truncated>
		<difficult>0</difficult>
		<bndbox>
			<xmin>240</xmin>
			<ymin>69</ymin>
			<xmax>379</xmax>
			<ymax>333</ymax>
		</bndbox>
		<part>
			<name>head</name>
			<bndbox>
				<xmin>263.2016</xmin>
				<ymin>70.2258</ymin>
				<xmax>303.9274</xmax>
				<ymax>129.9032</ymax>
			</bndbox>
		</part>
		<part>
			<name>hand</name>
			<bndbox>
				<xmin>320.4597</xmin>
				<ymin>140.3871</ymin>
				<xmax>364.0081</xmax>
				<ymax>187.9677</ymax>
			</bndbox>
		</part>
		<part>
			<name>hand</name>
			<bndbox>
				<xmin>255.9435</xmin>
				<ymin>275.4677</ymin>
				<xmax>290.621</xmax>
				<ymax>306.9194</ymax>
			</bndbox>
		</part>
	</object>
	<object>
		<name>person</name>
		<pose>Frontal</pose>
		<truncated>1</truncated>
		<difficult>0</difficult>
		<bndbox>
			<xmin>114</xmin>
			<ymin>42</ymin>
			<xmax>257</xmax>
			<ymax>333</ymax>
		</bndbox>
		<part>
			<name>head</name>
			<bndbox>
				<xmin>203.9274</xmin>
				<ymin>44.0161</ymin>
				<xmax>252.7177</xmax>
				<ymax>117.8065</ymax>
			</bndbox>
		</part>
		<part>
			<name>hand</name>
			<bndbox>
				<xmin>148.2823</xmin>
				<ymin>106.5161</ymin>
				<xmax>175.7016</xmax>
				<ymax>151.6774</ymax>
			</bndbox>
		</part>
	</object>
</annotation>
