<annotation>
	<folder>VOC2007</folder>
	<filename>005561.jpg</filename>
	<source>
		<database>The VOC2007 Database</database>
		<annotation>PASCAL VOC2007</annotation>
		<image>flickr</image>
		<flickrid>325791699</flickrid>
	</source>
	<owner>
		<flickrid>pitiruas</flickrid>
		<name>Karie Ray</name>
	</owner>
	<size>
		<width>375</width>
		<height>500</height>
		<depth>3</depth>
	</size>
	<segmented>0</segmented>
	<object>
		<name>bicycle</name>
		<pose>Unspecified</pose>
		<truncated>0</truncated>
		<difficult>0</difficult>
		<bndbox>
			<xmin>131</xmin>
			<ymin>226</ymin>
			<xmax>340</xmax>
			<ymax>448</ymax>
		</bndbox>
	</object>
	<object>
		<name>person</name>
		<pose>Unspecified</pose>
		<truncated>0</truncated>
		<difficult>0</difficult>
		<bndbox>
			<xmin>192</xmin>
			<ymin>154</ymin>
			<xmax>256</xmax>
			<ymax>422</ymax>
		</bndbox>
		<part>
			<name>head</name>
			<bndbox>
				<xmin>215.1557</xmin>
				<ymin>158.1148</ymin>
				<xmax>239.2318</xmax>
				<ymax>195.6288</ymax>
			</bndbox>
		</part>
		<part>
			<name>hand</name>
			<bndbox>
				<xmin>248.1904</xmin>
				<ymin>275.696</ymin>
				<xmax>266.1075</xmax>
				<ymax>292.4933</ymax>
			</bndbox>
		</part>
		<part>
			<name>hand</name>
			<bndbox>
				<xmin>196.1187</xmin>
				<ymin>228.1036</ymin>
				<xmax>212.916</xmax>
				<ymax>243.7811</ymax>
			</bndbox>
		</part>
		<part>
			<name>foot</name>
			<bndbox>
				<xmin>233.6327</xmin>
				<ymin>396.6366</ymin>
				<xmax>244.8309</xmax>
				<ymax>411.7542</ymax>
			</bndbox>
		</part>
		<part>
			<name>foot</name>
			<bndbox>
				<xmin>201.7178</xmin>
				<ymin>393.8371</ymin>
				<xmax>234.1926</xmax>
				<ymax>413.9938</ymax>
			</bndbox>
		</part>
	</object>
	<object>
		<name>train</name>
		<pose>Unspecified</pose>
		<truncated>1</truncated>
		<difficult>0</difficult>
		<bndbox>
			<xmin>1</xmin>
			<ymin>1</ymin>
			<xmax>374</xmax>
			<ymax>500</ymax>
		</bndbox>
	</object>
</annotation>
