<annotation>
	<folder>VOC2007</folder>
	<filename>005538.jpg</filename>
	<source>
		<database>The VOC2007 Database</database>
		<annotation>PASCAL VOC2007</annotation>
		<image>flickr</image>
		<flickrid>316027036</flickrid>
	</source>
	<owner>
		<flickrid>jessimocha</flickrid>
		<name>?</name>
	</owner>
	<size>
		<width>335</width>
		<height>500</height>
		<depth>3</depth>
	</size>
	<segmented>0</segmented>
	<object>
		<name>cat</name>
		<pose>Unspecified</pose>
		<truncated>0</truncated>
		<difficult>0</difficult>
		<bndbox>
			<xmin>115</xmin>
			<ymin>174</ymin>
			<xmax>278</xmax>
			<ymax>274</ymax>
		</bndbox>
	</object>
	<object>
		<name>cat</name>
		<pose>Unspecified</pose>
		<truncated>0</truncated>
		<difficult>0</difficult>
		<bndbox>
			<xmin>45</xmin>
			<ymin>280</ymin>
			<xmax>163</xmax>
			<ymax>416</ymax>
		</bndbox>
	</object>
</annotation>
