<annotation>
	<folder>VOC2007</folder>
	<filename>005552.jpg</filename>
	<source>
		<database>The VOC2007 Database</database>
		<annotation>PASCAL VOC2007</annotation>
		<image>flickr</image>
		<flickrid>337031148</flickrid>
	</source>
	<owner>
		<flickrid>auskiller2003</flickrid>
		<name>Kevin Ward</name>
	</owner>
	<size>
		<width>332</width>
		<height>500</height>
		<depth>3</depth>
	</size>
	<segmented>0</segmented>
	<object>
		<name>person</name>
		<pose>Unspecified</pose>
		<truncated>1</truncated>
		<difficult>0</difficult>
		<bndbox>
			<xmin>239</xmin>
			<ymin>202</ymin>
			<xmax>279</xmax>
			<ymax>338</ymax>
		</bndbox>
	</object>
	<object>
		<name>person</name>
		<pose>Unspecified</pose>
		<truncated>1</truncated>
		<difficult>0</difficult>
		<bndbox>
			<xmin>190</xmin>
			<ymin>203</ymin>
			<xmax>264</xmax>
			<ymax>356</ymax>
		</bndbox>
	</object>
	<object>
		<name>motorbike</name>
		<pose>Frontal</pose>
		<truncated>1</truncated>
		<difficult>0</difficult>
		<bndbox>
			<xmin>164</xmin>
			<ymin>237</ymin>
			<xmax>267</xmax>
			<ymax>407</ymax>
		</bndbox>
	</object>
</annotation>
