<annotation>
	<folder>VOC2007</folder>
	<filename>005562.jpg</filename>
	<source>
		<database>The VOC2007 Database</database>
		<annotation>PASCAL VOC2007</annotation>
		<image>flickr</image>
		<flickrid>341775112</flickrid>
	</source>
	<owner>
		<flickrid>casear</flickrid>
		<name>Casear Chu</name>
	</owner>
	<size>
		<width>500</width>
		<height>375</height>
		<depth>3</depth>
	</size>
	<segmented>0</segmented>
	<object>
		<name>cat</name>
		<pose>Unspecified</pose>
		<truncated>0</truncated>
		<difficult>0</difficult>
		<bndbox>
			<xmin>2</xmin>
			<ymin>1</ymin>
			<xmax>465</xmax>
			<ymax>372</ymax>
		</bndbox>
	</object>
</annotation>
