<annotation>
	<folder>VOC2007</folder>
	<filename>005550.jpg</filename>
	<source>
		<database>The VOC2007 Database</database>
		<annotation>PASCAL VOC2007</annotation>
		<image>flickr</image>
		<flickrid>293080062</flickrid>
	</source>
	<owner>
		<flickrid>saddlechariot</flickrid>
		<name>?</name>
	</owner>
	<size>
		<width>480</width>
		<height>360</height>
		<depth>3</depth>
	</size>
	<segmented>0</segmented>
	<object>
		<name>horse</name>
		<pose>Unspecified</pose>
		<truncated>1</truncated>
		<difficult>0</difficult>
		<bndbox>
			<xmin>222</xmin>
			<ymin>189</ymin>
			<xmax>268</xmax>
			<ymax>256</ymax>
		</bndbox>
	</object>
	<object>
		<name>person</name>
		<pose>Unspecified</pose>
		<truncated>0</truncated>
		<difficult>0</difficult>
		<bndbox>
			<xmin>237</xmin>
			<ymin>176</ymin>
			<xmax>291</xmax>
			<ymax>269</ymax>
		</bndbox>
	</object>
</annotation>
