<annotation>
	<folder>VOC2007</folder>
	<filename>005536.jpg</filename>
	<source>
		<database>The VOC2007 Database</database>
		<annotation>PASCAL VOC2007</annotation>
		<image>flickr</image>
		<flickrid>145187456</flickrid>
	</source>
	<owner>
		<flickrid>Antony Chen</flickrid>
		<name>Antony Chen</name>
	</owner>
	<size>
		<width>500</width>
		<height>343</height>
		<depth>3</depth>
	</size>
	<segmented>0</segmented>
	<object>
		<name>car</name>
		<pose>Frontal</pose>
		<truncated>1</truncated>
		<difficult>0</difficult>
		<bndbox>
			<xmin>43</xmin>
			<ymin>116</ymin>
			<xmax>426</xmax>
			<ymax>321</ymax>
		</bndbox>
	</object>
	<object>
		<name>person</name>
		<pose>Frontal</pose>
		<truncated>1</truncated>
		<difficult>0</difficult>
		<bndbox>
			<xmin>267</xmin>
			<ymin>113</ymin>
			<xmax>380</xmax>
			<ymax>321</ymax>
		</bndbox>
	</object>
</annotation>
