<annotation>
	<folder>VOC2007</folder>
	<filename>005776.jpg</filename>
	<source>
		<database>The VOC2007 Database</database>
		<annotation>PASCAL VOC2007</annotation>
		<image>flickr</image>
		<flickrid>288394248</flickrid>
	</source>
	<owner>
		<flickrid>Ander Kaliber</flickrid>
		<name>Simone</name>
	</owner>
	<size>
		<width>500</width>
		<height>375</height>
		<depth>3</depth>
	</size>
	<segmented>0</segmented>
	<object>
		<name>dog</name>
		<pose>Unspecified</pose>
		<truncated>0</truncated>
		<difficult>0</difficult>
		<bndbox>
			<xmin>30</xmin>
			<ymin>57</ymin>
			<xmax>421</xmax>
			<ymax>375</ymax>
		</bndbox>
	</object>
</annotation>
