<annotation>
	<folder>VOC2007</folder>
	<filename>005767.jpg</filename>
	<source>
		<database>The VOC2007 Database</database>
		<annotation>PASCAL VOC2007</annotation>
		<image>flickr</image>
		<flickrid>320643214</flickrid>
	</source>
	<owner>
		<flickrid>nayeli_elusai</flickrid>
		<name>?</name>
	</owner>
	<size>
		<width>500</width>
		<height>375</height>
		<depth>3</depth>
	</size>
	<segmented>0</segmented>
	<object>
		<name>chair</name>
		<pose>Rear</pose>
		<truncated>0</truncated>
		<difficult>0</difficult>
		<bndbox>
			<xmin>407</xmin>
			<ymin>114</ymin>
			<xmax>461</xmax>
			<ymax>195</ymax>
		</bndbox>
	</object>
	<object>
		<name>sofa</name>
		<pose>Unspecified</pose>
		<truncated>0</truncated>
		<difficult>0</difficult>
		<bndbox>
			<xmin>100</xmin>
			<ymin>152</ymin>
			<xmax>341</xmax>
			<ymax>338</ymax>
		</bndbox>
	</object>
</annotation>
