<annotation>
	<folder>VOC2007</folder>
	<filename>005784.jpg</filename>
	<source>
		<database>The VOC2007 Database</database>
		<annotation>PASCAL VOC2007</annotation>
		<image>flickr</image>
		<flickrid>321090695</flickrid>
	</source>
	<owner>
		<flickrid>SapphireShards</flickrid>
		<name>Lindsay Doran</name>
	</owner>
	<size>
		<width>500</width>
		<height>442</height>
		<depth>3</depth>
	</size>
	<segmented>0</segmented>
	<object>
		<name>chair</name>
		<pose>Left</pose>
		<truncated>1</truncated>
		<difficult>0</difficult>
		<bndbox>
			<xmin>130</xmin>
			<ymin>114</ymin>
			<xmax>417</xmax>
			<ymax>243</ymax>
		</bndbox>
	</object>
	<object>
		<name>chair</name>
		<pose>Unspecified</pose>
		<truncated>1</truncated>
		<difficult>1</difficult>
		<bndbox>
			<xmin>138</xmin>
			<ymin>280</ymin>
			<xmax>496</xmax>
			<ymax>438</ymax>
		</bndbox>
	</object>
	<object>
		<name>person</name>
		<pose>Unspecified</pose>
		<truncated>0</truncated>
		<difficult>0</difficult>
		<bndbox>
			<xmin>6</xmin>
			<ymin>22</ymin>
			<xmax>410</xmax>
			<ymax>278</ymax>
		</bndbox>
		<part>
			<name>head</name>
			<bndbox>
				<xmin>336.3757</xmin>
				<ymin>23.0207</ymin>
				<xmax>407.1551</xmax>
				<ymax>107.659</ymax>
			</bndbox>
		</part>
		<part>
			<name>hand</name>
			<bndbox>
				<xmin>324.4966</xmin>
				<ymin>58.6579</ymin>
				<xmax>338.3555</xmax>
				<ymax>85.8807</ymax>
			</bndbox>
		</part>
		<part>
			<name>hand</name>
			<bndbox>
				<xmin>187.3925</xmin>
				<ymin>176.4586</ymin>
				<xmax>235.8987</xmax>
				<ymax>217.5403</ymax>
			</bndbox>
		</part>
		<part>
			<name>foot</name>
			<bndbox>
				<xmin>6.2368</xmin>
				<ymin>236.3488</ymin>
				<xmax>113.1484</xmax>
				<ymax>275.4507</ymax>
			</bndbox>
		</part>
	</object>
	<object>
		<name>person</name>
		<pose>Unspecified</pose>
		<truncated>1</truncated>
		<difficult>0</difficult>
		<bndbox>
			<xmin>7</xmin>
			<ymin>106</ymin>
			<xmax>494</xmax>
			<ymax>438</ymax>
		</bndbox>
		<part>
			<name>head</name>
			<bndbox>
				<xmin>388.3466</xmin>
				<ymin>106.1741</ymin>
				<xmax>496.743</xmax>
				<ymax>231.3992</ymax>
			</bndbox>
		</part>
		<part>
			<name>hand</name>
			<bndbox>
				<xmin>146.8057</xmin>
				<ymin>415.0297</ymin>
				<xmax>174.0286</xmax>
				<ymax>437.7979</ymax>
			</bndbox>
		</part>
		<part>
			<name>foot</name>
			<bndbox>
				<xmin>6.7318</xmin>
				<ymin>394.7363</ymin>
				<xmax>89.3903</xmax>
				<ymax>437.7979</ymax>
			</bndbox>
		</part>
	</object>
</annotation>
