<annotation>
	<folder>VOC2007</folder>
	<filename>005783.jpg</filename>
	<source>
		<database>The VOC2007 Database</database>
		<annotation>PASCAL VOC2007</annotation>
		<image>flickr</image>
		<flickrid>321125485</flickrid>
	</source>
	<owner>
		<flickrid>devnulled</flickrid>
		<name>Brandon Harper</name>
	</owner>
	<size>
		<width>500</width>
		<height>333</height>
		<depth>3</depth>
	</size>
	<segmented>0</segmented>
	<object>
		<name>motorbike</name>
		<pose>Left</pose>
		<truncated>0</truncated>
		<difficult>0</difficult>
		<bndbox>
			<xmin>70</xmin>
			<ymin>173</ymin>
			<xmax>202</xmax>
			<ymax>260</ymax>
		</bndbox>
	</object>
	<object>
		<name>motorbike</name>
		<pose>Left</pose>
		<truncated>0</truncated>
		<difficult>0</difficult>
		<bndbox>
			<xmin>239</xmin>
			<ymin>162</ymin>
			<xmax>416</xmax>
			<ymax>271</ymax>
		</bndbox>
	</object>
</annotation>
