<annotation>
	<folder>VOC2007</folder>
	<filename>005772.jpg</filename>
	<source>
		<database>The VOC2007 Database</database>
		<annotation>PASCAL VOC2007</annotation>
		<image>flickr</image>
		<flickrid>38111020</flickrid>
	</source>
	<owner>
		<flickrid>timmothy</flickrid>
		<name>Timothy Gardner</name>
	</owner>
	<size>
		<width>375</width>
		<height>500</height>
		<depth>3</depth>
	</size>
	<segmented>0</segmented>
	<object>
		<name>bird</name>
		<pose>Unspecified</pose>
		<truncated>0</truncated>
		<difficult>0</difficult>
		<bndbox>
			<xmin>86</xmin>
			<ymin>135</ymin>
			<xmax>264</xmax>
			<ymax>394</ymax>
		</bndbox>
	</object>
</annotation>
