<annotation>
	<folder>VOC2007</folder>
	<filename>005780.jpg</filename>
	<source>
		<database>The VOC2007 Database</database>
		<annotation>PASCAL VOC2007</annotation>
		<image>flickr</image>
		<flickrid>339122405</flickrid>
	</source>
	<owner>
		<flickrid>twmark</flickrid>
		<name>?</name>
	</owner>
	<size>
		<width>500</width>
		<height>375</height>
		<depth>3</depth>
	</size>
	<segmented>0</segmented>
	<object>
		<name>person</name>
		<pose>Unspecified</pose>
		<truncated>0</truncated>
		<difficult>0</difficult>
		<bndbox>
			<xmin>213</xmin>
			<ymin>111</ymin>
			<xmax>304</xmax>
			<ymax>197</ymax>
		</bndbox>
	</object>
</annotation>
