<annotation>
	<folder>VOC2007</folder>
	<filename>005949.jpg</filename>
	<source>
		<database>The VOC2007 Database</database>
		<annotation>PASCAL VOC2007</annotation>
		<image>flickr</image>
		<flickrid>341213540</flickrid>
	</source>
	<owner>
		<flickrid>Chin like Werner Schreyer</flickrid>
		<name>David Canton</name>
	</owner>
	<size>
		<width>500</width>
		<height>333</height>
		<depth>3</depth>
	</size>
	<segmented>0</segmented>
	<object>
		<name>cat</name>
		<pose>Unspecified</pose>
		<truncated>1</truncated>
		<difficult>0</difficult>
		<bndbox>
			<xmin>2</xmin>
			<ymin>25</ymin>
			<xmax>482</xmax>
			<ymax>323</ymax>
		</bndbox>
	</object>
</annotation>
