<annotation>
	<folder>VOC2007</folder>
	<filename>005952.jpg</filename>
	<source>
		<database>The VOC2007 Database</database>
		<annotation>PASCAL VOC2007</annotation>
		<image>flickr</image>
		<flickrid>336949199</flickrid>
	</source>
	<owner>
		<flickrid>cyanocorax</flickrid>
		<name>?</name>
	</owner>
	<size>
		<width>500</width>
		<height>375</height>
		<depth>3</depth>
	</size>
	<segmented>0</segmented>
	<object>
		<name>aeroplane</name>
		<pose>Unspecified</pose>
		<truncated>0</truncated>
		<difficult>0</difficult>
		<bndbox>
			<xmin>94</xmin>
			<ymin>8</ymin>
			<xmax>465</xmax>
			<ymax>122</ymax>
		</bndbox>
	</object>
	<object>
		<name>aeroplane</name>
		<pose>Left</pose>
		<truncated>1</truncated>
		<difficult>0</difficult>
		<bndbox>
			<xmin>1</xmin>
			<ymin>38</ymin>
			<xmax>84</xmax>
			<ymax>114</ymax>
		</bndbox>
	</object>
</annotation>
