<annotation>
	<folder>VOC2007</folder>
	<filename>005933.jpg</filename>
	<source>
		<database>The VOC2007 Database</database>
		<annotation>PASCAL VOC2007</annotation>
		<image>flickr</image>
		<flickrid>321917290</flickrid>
	</source>
	<owner>
		<flickrid>Chris&amp;AmyCate</flickrid>
		<name>Christopher Esposito</name>
	</owner>
	<size>
		<width>500</width>
		<height>333</height>
		<depth>3</depth>
	</size>
	<segmented>0</segmented>
	<object>
		<name>train</name>
		<pose>Unspecified</pose>
		<truncated>0</truncated>
		<difficult>0</difficult>
		<bndbox>
			<xmin>210</xmin>
			<ymin>143</ymin>
			<xmax>416</xmax>
			<ymax>229</ymax>
		</bndbox>
	</object>
</annotation>
