<annotation>
	<folder>VOC2007</folder>
	<filename>006086.jpg</filename>
	<source>
		<database>The VOC2007 Database</database>
		<annotation>PASCAL VOC2007</annotation>
		<image>flickr</image>
		<flickrid>335292182</flickrid>
	</source>
	<owner>
		<flickrid>PhotoShoot2006</flickrid>
		<name>Simon</name>
	</owner>
	<size>
		<width>500</width>
		<height>476</height>
		<depth>3</depth>
	</size>
	<segmented>1</segmented>
	<object>
		<name>bottle</name>
		<pose>Unspecified</pose>
		<truncated>1</truncated>
		<difficult>0</difficult>
		<bndbox>
			<xmin>109</xmin>
			<ymin>75</ymin>
			<xmax>168</xmax>
			<ymax>264</ymax>
		</bndbox>
	</object>
	<object>
		<name>chair</name>
		<pose>Unspecified</pose>
		<truncated>1</truncated>
		<difficult>1</difficult>
		<bndbox>
			<xmin>294</xmin>
			<ymin>128</ymin>
			<xmax>479</xmax>
			<ymax>272</ymax>
		</bndbox>
	</object>
	<object>
		<name>diningtable</name>
		<pose>Unspecified</pose>
		<truncated>1</truncated>
		<difficult>1</difficult>
		<bndbox>
			<xmin>3</xmin>
			<ymin>239</ymin>
			<xmax>497</xmax>
			<ymax>474</ymax>
		</bndbox>
	</object>
</annotation>
