<annotation>
	<folder>VOC2007</folder>
	<filename>006083.jpg</filename>
	<source>
		<database>The VOC2007 Database</database>
		<annotation>PASCAL VOC2007</annotation>
		<image>flickr</image>
		<flickrid>302220281</flickrid>
	</source>
	<owner>
		<flickrid>MoppedBlog.de</flickrid>
		<name>?</name>
	</owner>
	<size>
		<width>500</width>
		<height>375</height>
		<depth>3</depth>
	</size>
	<segmented>0</segmented>
	<object>
		<name>motorbike</name>
		<pose>Unspecified</pose>
		<truncated>0</truncated>
		<difficult>0</difficult>
		<bndbox>
			<xmin>76</xmin>
			<ymin>73</ymin>
			<xmax>379</xmax>
			<ymax>362</ymax>
		</bndbox>
	</object>
	<object>
		<name>pottedplant</name>
		<pose>Unspecified</pose>
		<truncated>0</truncated>
		<difficult>0</difficult>
		<bndbox>
			<xmin>394</xmin>
			<ymin>77</ymin>
			<xmax>460</xmax>
			<ymax>211</ymax>
		</bndbox>
	</object>
</annotation>
