<annotation>
	<folder>VOC2007</folder>
	<filename>006091.jpg</filename>
	<source>
		<database>The VOC2007 Database</database>
		<annotation>PASCAL VOC2007</annotation>
		<image>flickr</image>
		<flickrid>339814786</flickrid>
	</source>
	<owner>
		<flickrid>victorwcwong</flickrid>
		<name>?</name>
	</owner>
	<size>
		<width>500</width>
		<height>334</height>
		<depth>3</depth>
	</size>
	<segmented>0</segmented>
	<object>
		<name>bird</name>
		<pose>Left</pose>
		<truncated>0</truncated>
		<difficult>0</difficult>
		<bndbox>
			<xmin>262</xmin>
			<ymin>41</ymin>
			<xmax>448</xmax>
			<ymax>162</ymax>
		</bndbox>
	</object>
	<object>
		<name>bird</name>
		<pose>Unspecified</pose>
		<truncated>0</truncated>
		<difficult>0</difficult>
		<bndbox>
			<xmin>135</xmin>
			<ymin>58</ymin>
			<xmax>309</xmax>
			<ymax>200</ymax>
		</bndbox>
	</object>
</annotation>
