<annotation>
	<folder>VOC2007</folder>
	<filename>006294.jpg</filename>
	<source>
		<database>The VOC2007 Database</database>
		<annotation>PASCAL VOC2007</annotation>
		<image>flickr</image>
		<flickrid>302164380</flickrid>
	</source>
	<owner>
		<flickrid>benallsup</flickrid>
		<name>Ben Allsup</name>
	</owner>
	<size>
		<width>500</width>
		<height>333</height>
		<depth>3</depth>
	</size>
	<segmented>0</segmented>
	<object>
		<name>aeroplane</name>
		<pose>Left</pose>
		<truncated>0</truncated>
		<difficult>0</difficult>
		<bndbox>
			<xmin>11</xmin>
			<ymin>70</ymin>
			<xmax>494</xmax>
			<ymax>238</ymax>
		</bndbox>
	</object>
</annotation>
