<annotation>
	<folder>VOC2007</folder>
	<filename>006467.jpg</filename>
	<source>
		<database>The VOC2007 Database</database>
		<annotation>PASCAL VOC2007</annotation>
		<image>flickr</image>
		<flickrid>330951245</flickrid>
	</source>
	<owner>
		<flickrid>Freeride dans le sud de la france</flickrid>
		<name>Jean Bort</name>
	</owner>
	<size>
		<width>500</width>
		<height>375</height>
		<depth>3</depth>
	</size>
	<segmented>0</segmented>
	<object>
		<name>bicycle</name>
		<pose>Right</pose>
		<truncated>0</truncated>
		<difficult>0</difficult>
		<bndbox>
			<xmin>16</xmin>
			<ymin>40</ymin>
			<xmax>481</xmax>
			<ymax>342</ymax>
		</bndbox>
	</object>
</annotation>
