<annotation>
	<folder>VOC2007</folder>
	<filename>006470.jpg</filename>
	<source>
		<database>The VOC2007 Database</database>
		<annotation>PASCAL VOC2007</annotation>
		<image>flickr</image>
		<flickrid>338181028</flickrid>
	</source>
	<owner>
		<flickrid>scnnr</flickrid>
		<name>Randy</name>
	</owner>
	<size>
		<width>500</width>
		<height>452</height>
		<depth>3</depth>
	</size>
	<segmented>0</segmented>
	<object>
		<name>bird</name>
		<pose>Rear</pose>
		<truncated>0</truncated>
		<difficult>0</difficult>
		<bndbox>
			<xmin>192</xmin>
			<ymin>133</ymin>
			<xmax>287</xmax>
			<ymax>324</ymax>
		</bndbox>
	</object>
</annotation>
