<annotation>
	<folder>VOC2007</folder>
	<filename>006482.jpg</filename>
	<source>
		<database>The VOC2007 Database</database>
		<annotation>PASCAL VOC2007</annotation>
		<image>flickr</image>
		<flickrid>339835490</flickrid>
	</source>
	<owner>
		<flickrid>cjvanston</flickrid>
		<name>CJ Vanston</name>
	</owner>
	<size>
		<width>500</width>
		<height>375</height>
		<depth>3</depth>
	</size>
	<segmented>0</segmented>
	<object>
		<name>person</name>
		<pose>Unspecified</pose>
		<truncated>1</truncated>
		<difficult>0</difficult>
		<bndbox>
			<xmin>30</xmin>
			<ymin>31</ymin>
			<xmax>406</xmax>
			<ymax>375</ymax>
		</bndbox>
	</object>
</annotation>
