<annotation>
	<folder>VOC2007</folder>
	<filename>006475.jpg</filename>
	<source>
		<database>The VOC2007 Database</database>
		<annotation>PASCAL VOC2007</annotation>
		<image>flickr</image>
		<flickrid>329048134</flickrid>
	</source>
	<owner>
		<flickrid>peter_savov_ivanov</flickrid>
		<name>?</name>
	</owner>
	<size>
		<width>361</width>
		<height>500</height>
		<depth>3</depth>
	</size>
	<segmented>0</segmented>
	<object>
		<name>bird</name>
		<pose>Unspecified</pose>
		<truncated>1</truncated>
		<difficult>1</difficult>
		<bndbox>
			<xmin>297</xmin>
			<ymin>382</ymin>
			<xmax>361</xmax>
			<ymax>500</ymax>
		</bndbox>
	</object>
	<object>
		<name>bird</name>
		<pose>Left</pose>
		<truncated>1</truncated>
		<difficult>0</difficult>
		<bndbox>
			<xmin>137</xmin>
			<ymin>379</ymin>
			<xmax>259</xmax>
			<ymax>500</ymax>
		</bndbox>
	</object>
	<object>
		<name>bird</name>
		<pose>Unspecified</pose>
		<truncated>1</truncated>
		<difficult>1</difficult>
		<bndbox>
			<xmin>85</xmin>
			<ymin>337</ymin>
			<xmax>179</xmax>
			<ymax>449</ymax>
		</bndbox>
	</object>
	<object>
		<name>person</name>
		<pose>Unspecified</pose>
		<truncated>0</truncated>
		<difficult>0</difficult>
		<bndbox>
			<xmin>143</xmin>
			<ymin>8</ymin>
			<xmax>332</xmax>
			<ymax>436</ymax>
		</bndbox>
	</object>
</annotation>
