<annotation>
	<folder>VOC2007</folder>
	<filename>006458.jpg</filename>
	<source>
		<database>The VOC2007 Database</database>
		<annotation>PASCAL VOC2007</annotation>
		<image>flickr</image>
		<flickrid>333029104</flickrid>
	</source>
	<owner>
		<flickrid>funlive2000</flickrid>
		<name>?</name>
	</owner>
	<size>
		<width>500</width>
		<height>314</height>
		<depth>3</depth>
	</size>
	<segmented>0</segmented>
	<object>
		<name>car</name>
		<pose>Frontal</pose>
		<truncated>0</truncated>
		<difficult>0</difficult>
		<bndbox>
			<xmin>196</xmin>
			<ymin>62</ymin>
			<xmax>493</xmax>
			<ymax>271</ymax>
		</bndbox>
	</object>
	<object>
		<name>car</name>
		<pose>Frontal</pose>
		<truncated>1</truncated>
		<difficult>0</difficult>
		<bndbox>
			<xmin>26</xmin>
			<ymin>110</ymin>
			<xmax>235</xmax>
			<ymax>265</ymax>
		</bndbox>
	</object>
</annotation>
