<annotation>
	<folder>VOC2007</folder>
	<filename>006750.jpg</filename>
	<source>
		<database>The VOC2007 Database</database>
		<annotation>PASCAL VOC2007</annotation>
		<image>flickr</image>
		<flickrid>337425844</flickrid>
	</source>
	<owner>
		<flickrid>Frank &amp; Cheramie</flickrid>
		<name>?</name>
	</owner>
	<size>
		<width>500</width>
		<height>281</height>
		<depth>3</depth>
	</size>
	<segmented>0</segmented>
	<object>
		<name>pottedplant</name>
		<pose>Unspecified</pose>
		<truncated>1</truncated>
		<difficult>0</difficult>
		<bndbox>
			<xmin>176</xmin>
			<ymin>16</ymin>
			<xmax>198</xmax>
			<ymax>84</ymax>
		</bndbox>
	</object>
	<object>
		<name>pottedplant</name>
		<pose>Unspecified</pose>
		<truncated>1</truncated>
		<difficult>0</difficult>
		<bndbox>
			<xmin>162</xmin>
			<ymin>33</ymin>
			<xmax>192</xmax>
			<ymax>92</ymax>
		</bndbox>
	</object>
</annotation>
