<annotation>
	<folder>VOC2007</folder>
	<filename>006759.jpg</filename>
	<source>
		<database>The VOC2007 Database</database>
		<annotation>PASCAL VOC2007</annotation>
		<image>flickr</image>
		<flickrid>333122844</flickrid>
	</source>
	<owner>
		<flickrid>TELPortfolio</flickrid>
		<name>Tom Law</name>
	</owner>
	<size>
		<width>500</width>
		<height>375</height>
		<depth>3</depth>
	</size>
	<segmented>0</segmented>
	<object>
		<name>bus</name>
		<pose>Unspecified</pose>
		<truncated>1</truncated>
		<difficult>0</difficult>
		<bndbox>
			<xmin>3</xmin>
			<ymin>127</ymin>
			<xmax>444</xmax>
			<ymax>375</ymax>
		</bndbox>
	</object>
</annotation>
