<annotation>
	<folder>VOC2007</folder>
	<filename>006754.jpg</filename>
	<source>
		<database>The VOC2007 Database</database>
		<annotation>PASCAL VOC2007</annotation>
		<image>flickr</image>
		<flickrid>311506160</flickrid>
	</source>
	<owner>
		<flickrid>Justin Berndt</flickrid>
		<name>Justin Berndt</name>
	</owner>
	<size>
		<width>500</width>
		<height>375</height>
		<depth>3</depth>
	</size>
	<segmented>0</segmented>
	<object>
		<name>car</name>
		<pose>Unspecified</pose>
		<truncated>0</truncated>
		<difficult>0</difficult>
		<bndbox>
			<xmin>22</xmin>
			<ymin>32</ymin>
			<xmax>496</xmax>
			<ymax>301</ymax>
		</bndbox>
	</object>
</annotation>
