<annotation>
	<folder>VOC2007</folder>
	<filename>006748.jpg</filename>
	<source>
		<database>The VOC2007 Database</database>
		<annotation>PASCAL VOC2007</annotation>
		<image>flickr</image>
		<flickrid>296363423</flickrid>
	</source>
	<owner>
		<flickrid>imageautomotiveimage</flickrid>
		<name>?</name>
	</owner>
	<size>
		<width>338</width>
		<height>500</height>
		<depth>3</depth>
	</size>
	<segmented>0</segmented>
	<object>
		<name>car</name>
		<pose>Rear</pose>
		<truncated>0</truncated>
		<difficult>0</difficult>
		<bndbox>
			<xmin>47</xmin>
			<ymin>265</ymin>
			<xmax>213</xmax>
			<ymax>385</ymax>
		</bndbox>
	</object>
	<object>
		<name>car</name>
		<pose>Rear</pose>
		<truncated>0</truncated>
		<difficult>0</difficult>
		<bndbox>
			<xmin>178</xmin>
			<ymin>180</ymin>
			<xmax>337</xmax>
			<ymax>279</ymax>
		</bndbox>
	</object>
	<object>
		<name>person</name>
		<pose>Unspecified</pose>
		<truncated>1</truncated>
		<difficult>1</difficult>
		<bndbox>
			<xmin>228</xmin>
			<ymin>183</ymin>
			<xmax>249</xmax>
			<ymax>202</ymax>
		</bndbox>
	</object>
</annotation>
