<annotation>
	<folder>VOC2007</folder>
	<filename>006767.jpg</filename>
	<source>
		<database>The VOC2007 Database</database>
		<annotation>PASCAL VOC2007</annotation>
		<image>flickr</image>
		<flickrid>313359992</flickrid>
	</source>
	<owner>
		<flickrid>halfandhalf</flickrid>
		<name>Tina McCarthy</name>
	</owner>
	<size>
		<width>500</width>
		<height>375</height>
		<depth>3</depth>
	</size>
	<segmented>0</segmented>
	<object>
		<name>dog</name>
		<pose>Unspecified</pose>
		<truncated>0</truncated>
		<difficult>0</difficult>
		<bndbox>
			<xmin>180</xmin>
			<ymin>239</ymin>
			<xmax>248</xmax>
			<ymax>329</ymax>
		</bndbox>
	</object>
	<object>
		<name>person</name>
		<pose>Frontal</pose>
		<truncated>0</truncated>
		<difficult>0</difficult>
		<bndbox>
			<xmin>249</xmin>
			<ymin>131</ymin>
			<xmax>324</xmax>
			<ymax>329</ymax>
		</bndbox>
	</object>
</annotation>
