<annotation>
	<folder>VOC2007</folder>
	<filename>006758.jpg</filename>
	<source>
		<database>The VOC2007 Database</database>
		<annotation>PASCAL VOC2007</annotation>
		<image>flickr</image>
		<flickrid>335925374</flickrid>
	</source>
	<owner>
		<flickrid>nickgeo96</flickrid>
		<name>?</name>
	</owner>
	<size>
		<width>500</width>
		<height>374</height>
		<depth>3</depth>
	</size>
	<segmented>0</segmented>
	<object>
		<name>aeroplane</name>
		<pose>Right</pose>
		<truncated>0</truncated>
		<difficult>0</difficult>
		<bndbox>
			<xmin>147</xmin>
			<ymin>83</ymin>
			<xmax>235</xmax>
			<ymax>124</ymax>
		</bndbox>
	</object>
	<object>
		<name>aeroplane</name>
		<pose>Unspecified</pose>
		<truncated>0</truncated>
		<difficult>0</difficult>
		<bndbox>
			<xmin>194</xmin>
			<ymin>256</ymin>
			<xmax>479</xmax>
			<ymax>353</ymax>
		</bndbox>
	</object>
	<object>
		<name>aeroplane</name>
		<pose>Unspecified</pose>
		<truncated>0</truncated>
		<difficult>0</difficult>
		<bndbox>
			<xmin>57</xmin>
			<ymin>290</ymin>
			<xmax>167</xmax>
			<ymax>343</ymax>
		</bndbox>
	</object>
</annotation>
