<annotation>
	<folder>VOC2007</folder>
	<filename>006764.jpg</filename>
	<source>
		<database>The VOC2007 Database</database>
		<annotation>PASCAL VOC2007</annotation>
		<image>flickr</image>
		<flickrid>316640942</flickrid>
	</source>
	<owner>
		<flickrid>k7lim</flickrid>
		<name>Kevin Lim</name>
	</owner>
	<size>
		<width>500</width>
		<height>375</height>
		<depth>3</depth>
	</size>
	<segmented>0</segmented>
	<object>
		<name>sofa</name>
		<pose>Frontal</pose>
		<truncated>1</truncated>
		<difficult>0</difficult>
		<bndbox>
			<xmin>27</xmin>
			<ymin>85</ymin>
			<xmax>500</xmax>
			<ymax>371</ymax>
		</bndbox>
	</object>
	<object>
		<name>person</name>
		<pose>Unspecified</pose>
		<truncated>0</truncated>
		<difficult>0</difficult>
		<bndbox>
			<xmin>93</xmin>
			<ymin>166</ymin>
			<xmax>495</xmax>
			<ymax>287</ymax>
		</bndbox>
	</object>
</annotation>
