<annotation>
	<folder>VOC2007</folder>
	<filename>006763.jpg</filename>
	<source>
		<database>The VOC2007 Database</database>
		<annotation>PASCAL VOC2007</annotation>
		<image>flickr</image>
		<flickrid>218613733</flickrid>
	</source>
	<owner>
		<flickrid>Stephan1978</flickrid>
		<name>Stephan</name>
	</owner>
	<size>
		<width>500</width>
		<height>348</height>
		<depth>3</depth>
	</size>
	<segmented>0</segmented>
	<object>
		<name>train</name>
		<pose>Unspecified</pose>
		<truncated>1</truncated>
		<difficult>0</difficult>
		<bndbox>
			<xmin>1</xmin>
			<ymin>108</ymin>
			<xmax>345</xmax>
			<ymax>239</ymax>
		</bndbox>
	</object>
</annotation>
