<annotation>
	<folder>VOC2007</folder>
	<filename>006890.jpg</filename>
	<source>
		<database>The VOC2007 Database</database>
		<annotation>PASCAL VOC2007</annotation>
		<image>flickr</image>
		<flickrid>332639904</flickrid>
	</source>
	<owner>
		<flickrid>terrythestoudt</flickrid>
		<name>terry stoudt</name>
	</owner>
	<size>
		<width>500</width>
		<height>447</height>
		<depth>3</depth>
	</size>
	<segmented>0</segmented>
	<object>
		<name>car</name>
		<pose>Unspecified</pose>
		<truncated>1</truncated>
		<difficult>0</difficult>
		<bndbox>
			<xmin>11</xmin>
			<ymin>40</ymin>
			<xmax>500</xmax>
			<ymax>311</ymax>
		</bndbox>
	</object>
</annotation>
