<annotation>
	<folder>VOC2007</folder>
	<filename>006888.jpg</filename>
	<source>
		<database>The VOC2007 Database</database>
		<annotation>PASCAL VOC2007</annotation>
		<image>flickr</image>
		<flickrid>317819718</flickrid>
	</source>
	<owner>
		<flickrid>clearskyphotography.com</flickrid>
		<name>Kris Klop</name>
	</owner>
	<size>
		<width>500</width>
		<height>333</height>
		<depth>3</depth>
	</size>
	<segmented>0</segmented>
	<object>
		<name>aeroplane</name>
		<pose>Rear</pose>
		<truncated>1</truncated>
		<difficult>0</difficult>
		<bndbox>
			<xmin>2</xmin>
			<ymin>24</ymin>
			<xmax>500</xmax>
			<ymax>239</ymax>
		</bndbox>
	</object>
	<object>
		<name>aeroplane</name>
		<pose>Rear</pose>
		<truncated>1</truncated>
		<difficult>0</difficult>
		<bndbox>
			<xmin>132</xmin>
			<ymin>16</ymin>
			<xmax>500</xmax>
			<ymax>139</ymax>
		</bndbox>
	</object>
</annotation>
