<annotation>
	<folder>VOC2007</folder>
	<filename>006860.jpg</filename>
	<source>
		<database>The VOC2007 Database</database>
		<annotation>PASCAL VOC2007</annotation>
		<image>flickr</image>
		<flickrid>336486421</flickrid>
	</source>
	<owner>
		<flickrid>Vlad Butsky</flickrid>
		<name>Vlad Butsky</name>
	</owner>
	<size>
		<width>500</width>
		<height>333</height>
		<depth>3</depth>
	</size>
	<segmented>0</segmented>
	<object>
		<name>aeroplane</name>
		<pose>Rear</pose>
		<truncated>0</truncated>
		<difficult>0</difficult>
		<bndbox>
			<xmin>173</xmin>
			<ymin>125</ymin>
			<xmax>305</xmax>
			<ymax>196</ymax>
		</bndbox>
	</object>
</annotation>
