<annotation>
	<folder>VOC2007</folder>
	<filename>006878.jpg</filename>
	<source>
		<database>The VOC2007 Database</database>
		<annotation>PASCAL VOC2007</annotation>
		<image>flickr</image>
		<flickrid>147914822</flickrid>
	</source>
	<owner>
		<flickrid>mbtrama</flickrid>
		<name>Mary Beth</name>
	</owner>
	<size>
		<width>500</width>
		<height>375</height>
		<depth>3</depth>
	</size>
	<segmented>0</segmented>
	<object>
		<name>sofa</name>
		<pose>Frontal</pose>
		<truncated>1</truncated>
		<difficult>0</difficult>
		<bndbox>
			<xmin>262</xmin>
			<ymin>211</ymin>
			<xmax>500</xmax>
			<ymax>322</ymax>
		</bndbox>
	</object>
	<object>
		<name>sofa</name>
		<pose>Right</pose>
		<truncated>1</truncated>
		<difficult>0</difficult>
		<bndbox>
			<xmin>1</xmin>
			<ymin>204</ymin>
			<xmax>296</xmax>
			<ymax>375</ymax>
		</bndbox>
	</object>
</annotation>
