<annotation>
	<folder>VOC2007</folder>
	<filename>006877.jpg</filename>
	<source>
		<database>The VOC2007 Database</database>
		<annotation>PASCAL VOC2007</annotation>
		<image>flickr</image>
		<flickrid>328550662</flickrid>
	</source>
	<owner>
		<flickrid>Murmurmel</flickrid>
		<name>Melanie Magilton</name>
	</owner>
	<size>
		<width>333</width>
		<height>500</height>
		<depth>3</depth>
	</size>
	<segmented>0</segmented>
	<object>
		<name>dog</name>
		<pose>Frontal</pose>
		<truncated>1</truncated>
		<difficult>0</difficult>
		<bndbox>
			<xmin>34</xmin>
			<ymin>82</ymin>
			<xmax>244</xmax>
			<ymax>408</ymax>
		</bndbox>
	</object>
</annotation>
