<annotation>
	<folder>VOC2007</folder>
	<filename>006883.jpg</filename>
	<source>
		<database>The VOC2007 Database</database>
		<annotation>PASCAL VOC2007</annotation>
		<image>flickr</image>
		<flickrid>332999860</flickrid>
	</source>
	<owner>
		<flickrid>Lister's Girl</flickrid>
		<name>Cecily North</name>
	</owner>
	<size>
		<width>500</width>
		<height>375</height>
		<depth>3</depth>
	</size>
	<segmented>0</segmented>
	<object>
		<name>cat</name>
		<pose>Left</pose>
		<truncated>0</truncated>
		<difficult>0</difficult>
		<bndbox>
			<xmin>93</xmin>
			<ymin>131</ymin>
			<xmax>252</xmax>
			<ymax>250</ymax>
		</bndbox>
	</object>
</annotation>
