<annotation>
	<folder>VOC2007</folder>
	<filename>006867.jpg</filename>
	<source>
		<database>The VOC2007 Database</database>
		<annotation>PASCAL VOC2007</annotation>
		<image>flickr</image>
		<flickrid>335068999</flickrid>
	</source>
	<owner>
		<flickrid>vitnick1970</flickrid>
		<name>?</name>
	</owner>
	<size>
		<width>360</width>
		<height>269</height>
		<depth>3</depth>
	</size>
	<segmented>0</segmented>
	<object>
		<name>boat</name>
		<pose>Unspecified</pose>
		<truncated>1</truncated>
		<difficult>0</difficult>
		<bndbox>
			<xmin>2</xmin>
			<ymin>2</ymin>
			<xmax>360</xmax>
			<ymax>269</ymax>
		</bndbox>
	</object>
</annotation>
