<annotation>
	<folder>VOC2007</folder>
	<filename>007044.jpg</filename>
	<source>
		<database>The VOC2007 Database</database>
		<annotation>PASCAL VOC2007</annotation>
		<image>flickr</image>
		<flickrid>330042260</flickrid>
	</source>
	<owner>
		<flickrid>Quarrion (David)</flickrid>
		<name>David</name>
	</owner>
	<size>
		<width>375</width>
		<height>500</height>
		<depth>3</depth>
	</size>
	<segmented>0</segmented>
	<object>
		<name>cow</name>
		<pose>Rear</pose>
		<truncated>0</truncated>
		<difficult>0</difficult>
		<bndbox>
			<xmin>140</xmin>
			<ymin>170</ymin>
			<xmax>213</xmax>
			<ymax>344</ymax>
		</bndbox>
	</object>
	<object>
		<name>person</name>
		<pose>Rear</pose>
		<truncated>0</truncated>
		<difficult>0</difficult>
		<bndbox>
			<xmin>193</xmin>
			<ymin>119</ymin>
			<xmax>305</xmax>
			<ymax>446</ymax>
		</bndbox>
		<part>
			<name>head</name>
			<bndbox>
				<xmin>235.3124</xmin>
				<ymin>118.9211</ymin>
				<xmax>273.3863</xmax>
				<ymax>161.4742</ymax>
			</bndbox>
		</part>
		<part>
			<name>hand</name>
			<bndbox>
				<xmin>225.794</xmin>
				<ymin>410.0745</ymin>
				<xmax>253.7895</xmax>
				<ymax>445.3488</ymax>
			</bndbox>
		</part>
		<part>
			<name>hand</name>
			<bndbox>
				<xmin>256.589</xmin>
				<ymin>423.5123</ymin>
				<xmax>280.1053</xmax>
				<ymax>439.7497</ymax>
			</bndbox>
		</part>
	</object>
	<object>
		<name>person</name>
		<pose>Rear</pose>
		<truncated>0</truncated>
		<difficult>0</difficult>
		<bndbox>
			<xmin>56</xmin>
			<ymin>141</ymin>
			<xmax>129</xmax>
			<ymax>290</ymax>
		</bndbox>
		<part>
			<name>head</name>
			<bndbox>
				<xmin>83.5767</xmin>
				<ymin>139.0778</ymin>
				<xmax>97.0146</xmax>
				<ymax>159.2346</ymax>
			</bndbox>
		</part>
		<part>
			<name>foot</name>
			<bndbox>
				<xmin>96.4546</xmin>
				<ymin>271.2167</ymin>
				<xmax>111.5722</xmax>
				<ymax>285.7744</ymax>
			</bndbox>
		</part>
		<part>
			<name>hand</name>
			<bndbox>
				<xmin>58.3807</xmin>
				<ymin>205.7072</ymin>
				<xmax>69.5789</xmax>
				<ymax>217.4653</ymax>
			</bndbox>
		</part>
		<part>
			<name>hand</name>
			<bndbox>
				<xmin>118.8511</xmin>
				<ymin>184.4306</ymin>
				<xmax>128.9295</xmax>
				<ymax>198.4283</ymax>
			</bndbox>
		</part>
	</object>
</annotation>
