<annotation>
	<folder>VOC2007</folder>
	<filename>007034.jpg</filename>
	<source>
		<database>The VOC2007 Database</database>
		<annotation>PASCAL VOC2007</annotation>
		<image>flickr</image>
		<flickrid>330158729</flickrid>
	</source>
	<owner>
		<flickrid>loonboy2</flickrid>
		<name>?</name>
	</owner>
	<size>
		<width>500</width>
		<height>401</height>
		<depth>3</depth>
	</size>
	<segmented>0</segmented>
	<object>
		<name>person</name>
		<pose>Unspecified</pose>
		<truncated>0</truncated>
		<difficult>0</difficult>
		<bndbox>
			<xmin>64</xmin>
			<ymin>21</ymin>
			<xmax>268</xmax>
			<ymax>371</ymax>
		</bndbox>
		<part>
			<name>head</name>
			<bndbox>
				<xmin>138.4625</xmin>
				<ymin>18.6865</ymin>
				<xmax>179.3259</xmax>
				<ymax>67.1837</ymax>
			</bndbox>
		</part>
		<part>
			<name>hand</name>
			<bndbox>
				<xmin>236.355</xmin>
				<ymin>156.9933</ymin>
				<xmax>266.8903</xmax>
				<ymax>170.9138</ymax>
			</bndbox>
		</part>
		<part>
			<name>hand</name>
			<bndbox>
				<xmin>171.243</xmin>
				<ymin>138.1333</ymin>
				<xmax>192.3483</xmax>
				<ymax>157.8914</ymax>
			</bndbox>
		</part>
	</object>
	<object>
		<name>car</name>
		<pose>Unspecified</pose>
		<truncated>1</truncated>
		<difficult>0</difficult>
		<bndbox>
			<xmin>2</xmin>
			<ymin>68</ymin>
			<xmax>500</xmax>
			<ymax>378</ymax>
		</bndbox>
	</object>
</annotation>
